codmpio,municipio,depto,CP - Numero,CP - Valor,MP - Numero,MP - Valor,LP - Numero,LP - Valor,T - Numero,T - Valor,tratamiento,alf_A1938,alf_A1951,alf_A1964,alf_A1973,numero_prestamos,CP - Promedio,MP - Promedio,LP - Promedio,T - Promedio
5004,Abriaquí,Antioquia,0,0,0,0,0,0,0,0,0,1256,1484,1942,2422,0,0,0,0,0
5021,Alejandría,Antioquia,0,0,0,0,0,0,0,0,0,6201,5899,9163,11004,0,0,0,0,0
5030,Amagá,Antioquia,439,43.21,111,25.29,66,11.79,616,80.29,1,5361,4896,7313,10100,1,43.21,25.29,11.79,80.29
5031,Amalfi,Antioquia,3775,19711.09,1837,24446.07,8,9.85,5620,44167,1,14118,20379,18552,22278,8,2463.88625,3055.75875,1.23125,5520.875
5036,Angelópolis,Antioquia,0,0,0,0,0,0,0,0,0,4363,4350,5352,5279,0,0,0,0,0
5038,Angostura,Antioquia,0,0,0,0,0,0,0,0,0,3975,3708,5143,0,0,0,0,0,0
5040,Anorí,Antioquia,82,12.25,39,6.13,0,0,121,18.38,1,5279,4755,9816,8666,1,12.25,6.13,0,18.38
5042,Santafé de Antioquia,Antioquia,2074,1669.28,452,841.56,96,16.8,2622,2527.65,1,1552,0,2337,2692,6,278.2133333,140.26,2.8,421.275
5044,Anza,Antioquia,0,0,0,0,0,0,0,0,0,3357,2614,3298,3942,0,0,0,0,0
5045,Apartadó,Antioquia,0,0,0,0,0,0,0,0,0,0,0,0,0,0,0,0,0,0
5051,Arboletes,Antioquia,670,172.49,207,230.61,0,0,877,403.1,1,0,0,0,0,1,172.49,230.61,0,403.1
5055,Argelia,Antioquia,0,0,0,0,0,0,0,0,0,2996,0,6489,0,0,0,0,0,0
5059,Armenia,Antioquia,393,125.47,129,72.69,22,13.94,544,212.1,1,6592,7820,7937,13367,2,62.735,36.345,6.97,106.05
5079,Barbosa,Antioquia,614,20.14,235,15.61,56,10.15,905,45.9,1,9257,22495,58617,0,1,20.14,15.61,10.15,45.9
5086,Belmira,Antioquia,0,0,0,0,0,0,0,0,0,2527,3191,2998,3122,0,0,0,0,0
5088,Bello,Antioquia,0,0,0,0,0,0,0,0,0,4340,3502,6040,6688,0,0,0,0,0
5091,Betania,Antioquia,227,52.65,65,17.55,9,3.86,301,74.06,1,0,0,0,0,1,52.65,17.55,3.86,74.06
5093,Betulia,Antioquia,1473,8772.63,445,4857.43,49,28.53,1967,13755.31,1,10762,7702,18110,23490,7,1253.232857,693.9185714,4.075714286,1965.044286
5107,Briceño,Antioquia,0,0,0,0,0,0,0,0,0,3652,0,8303,0,0,0,0,0,0
5113,Buriticá,Antioquia,0,0,0,0,0,0,0,0,0,1824,1975,2361,3020,0,0,0,0,0
5120,Cáceres,Antioquia,0,0,0,0,0,0,0,0,0,1697,0,5933,0,0,0,0,0,0
5125,Caicedo,Antioquia,0,0,0,0,0,0,0,0,0,665,1791,5052,9494,0,0,0,0,0
5129,Caldas,Antioquia,0,0,0,0,0,0,0,0,0,1685,2131,2487,2951,0,0,0,0,0
5134,Campamento,Antioquia,0,0,0,0,0,0,0,0,0,5345,7346,15246,0,0,0,0,0,0
5138,Cañasgordas,Antioquia,4498,15113.84,2204,14563.11,138,43.25,6840,29720.18,1,4918,0,3629,0,7,2159.12,2080.444286,6.178571429,4245.74
5142,Caracolí,Antioquia,0,0,0,0,0,0,0,0,0,4486,0,5492,0,0,0,0,0,0
5145,Caramanta,Antioquia,0,0,0,0,0,0,0,0,0,2196,2648,3729,4991,0,0,0,0,0
5147,Carepa,Antioquia,0,0,0,0,0,0,0,0,0,0,0,0,0,0,0,0,0,0
5148,El Carmen de Viboral,Antioquia,0,0,0,0,0,0,0,0,0,6245,7158,8428,10776,0,0,0,0,0
5150,Carolina,Antioquia,0,0,0,0,0,0,0,0,0,1448,0,2571,0,0,0,0,0,0
5154,Caucasia,Antioquia,920,227.51,430,492.39,1,0.48,1351,720.39,1,2108,0,4667,0,3,75.83666667,164.13,0.16,240.13
5172,Chigorodó,Antioquia,551,181.85,555,458.18,4,3.4,1110,643.43,1,29643,0,101972,0,3,60.61666667,152.7266667,1.133333333,214.4766667
5190,Cisneros,Antioquia,1777,2571.28,627,2147.3,133,47.35,2537,4765.92,1,0,0,0,0,6,428.5466667,357.8833333,7.891666667,794.32
5197,Cocorná,Antioquia,0,0,0,0,0,0,0,0,0,3100,0,4162,0,0,0,0,0,0
5206,Concepción,Antioquia,0,0,0,0,0,0,0,0,0,4751,4925,5518,5820,0,0,0,0,0
5212,Copacabana,Antioquia,0,0,0,0,0,0,0,0,0,3240,3503,5917,6277,0,0,0,0,0
5234,Dabeiba,Antioquia,1053,90.71,669,99.83,12,4.05,1734,194.58,1,112,452,2823,7182,3,30.23666667,33.27666667,1.35,64.86
5237,Don Matías,Antioquia,0,0,0,0,0,0,0,0,0,6397,6927,10321,9363,0,0,0,0,0
5240,Ebéjico,Antioquia,0,0,0,0,0,0,0,0,0,2316,2279,2880,3822,0,0,0,0,0
5250,El Bagre,Antioquia,0,0,0,0,0,0,0,0,0,4248,0,7293,9377,0,0,0,0,0
5264,Entrerrios,Antioquia,0,0,0,0,0,0,0,0,0,6385,5907,7269,8292,0,0,0,0,0
5266,Envigado,Antioquia,0,0,0,0,0,0,0,0,0,1610,0,2284,0,0,0,0,0,0
5306,Giraldo,Antioquia,0,0,0,0,0,0,0,0,0,3450,4391,5510,6795,0,0,0,0,0
5308,Girardota,Antioquia,0,0,0,0,0,0,0,0,0,4302,4721,7188,7998,0,0,0,0,0
5310,Gómez Plata,Antioquia,0,0,0,0,0,0,0,0,0,2310,2268,2724,3284,0,0,0,0,0
5315,Guadalupe,Antioquia,0,0,0,0,0,0,0,0,0,5221,0,6709,0,0,0,0,0,0
5318,Guarne,Antioquia,0,0,0,0,0,0,0,0,0,13167,9500,14960,13911,0,0,0,0,0
5321,Guatapé,Antioquia,0,0,0,0,0,0,0,0,0,5545,4413,8345,14058,0,0,0,0,0
5347,Heliconia,Antioquia,0,0,0,0,0,0,0,0,0,1277,1606,1824,2073,0,0,0,0,0
5353,Hispania,Antioquia,0,0,0,0,0,0,0,0,0,0,0,0,0,0,0,0,0,0
5360,Itagui,Antioquia,0,0,0,0,0,0,0,0,0,4835,5540,13064,11067,0,0,0,0,0
5364,Jardín,Antioquia,900,1857.16,1182,5314.42,262,59.86,2344,7231.44,1,6537,6636,9689,10155,6,309.5266667,885.7366667,9.976666667,1205.24
5376,La Ceja,Antioquia,2178,6086.35,2274,10765.36,317,76.99,4769,16928.69,1,2377,2493,3363,3372,7,869.4785714,1537.908571,10.99857143,2418.384286
5380,La Estrella,Antioquia,0,0,0,0,0,0,0,0,0,2926,3120,4051,4323,0,0,0,0,0
5390,La Pintada,Antioquia,0,0,0,0,0,0,0,0,0,0,0,4844,0,0,0,0,0,0
5400,La Unión,Antioquia,0,0,0,0,0,0,0,0,0,2498,12188,42641,0,0,0,0,0,0
5425,Maceo,Antioquia,0,0,0,0,0,0,0,0,0,0,0,0,0,0,0,0,0,0
5440,Marinilla,Antioquia,5355,12614.78,2476,6814.56,488,65.45,8319,19494.81,1,6306,6354,8790,8520,9,1401.642222,757.1733333,7.272222222,2166.09
5467,Montebello,Antioquia,0,0,0,0,0,0,0,0,0,10142,8530,11689,10348,0,0,0,0,0
5475,Murindó,Antioquia,0,0,0,0,0,0,0,0,0,6621,7069,10733,15206,0,0,0,0,0
5480,Mutatá,Antioquia,0,0,0,0,0,0,0,0,0,4135,4869,10040,15818,0,0,0,0,0
5483,Nariño,Antioquia,360,19.62,57,8.99,40,2.65,457,31.26,1,2753,3817,6162,7567,1,19.62,8.99,2.65,31.26
5490,Necoclí,Antioquia,0,0,0,0,0,0,0,0,0,0,0,0,0,0,0,0,0,0
5495,Nechí,Antioquia,0,0,0,0,0,0,0,0,0,582,0,1376,0,0,0,0,0,0
5501,Olaya,Antioquia,0,0,0,0,0,0,0,0,0,3757,4333,5485,6473,0,0,0,0,0
5541,Peñol,Antioquia,0,0,0,0,0,0,0,0,0,1433,0,9734,14968,0,0,0,0,0
5543,Peque,Antioquia,0,0,0,0,0,0,0,0,0,8759,8202,10576,15438,0,0,0,0,0
5576,Pueblorrico,Antioquia,0,0,0,0,0,0,0,0,0,116541,241779,523517,0,0,0,0,0,0
5579,Puerto Berrío,Antioquia,257,31.58,496,111.11,1,0.02,754,142.71,1,0,0,0,0,4,7.895,27.7775,0.005,35.6775
5585,Puerto Nare,Antioquia,0,0,0,0,0,0,0,0,0,0,0,0,0,0,0,0,0,0
5591,Puerto Triunfo,Antioquia,0,0,0,0,0,0,0,0,0,3112,0,5918,0,0,0,0,0,0
5604,Remedios,Antioquia,931,3527.72,1167,13467.44,28,17.06,2126,17012.23,1,1945,0,1988,0,7,503.96,1923.92,2.437142857,2430.318571
5607,Retiro,Antioquia,0,0,0,0,0,0,0,0,0,4592,4611,5388,5545,0,0,0,0,0
5628,Sabanalarga,Antioquia,0,0,0,0,0,0,0,0,0,4657,5457,6963,0,0,0,0,0,0
5631,Sabaneta,Antioquia,0,0,0,0,0,0,0,0,0,6557,0,6825,0,0,0,0,0,0
5642,Salgar,Antioquia,804,3757.09,676,4492.74,144,59.06,1624,8308.87,1,193,546,1625,2935,6,626.1816667,748.79,9.843333333,1384.811667
5647,San Andrés de Cuerquía,Antioquia,0,0,0,0,0,0,0,0,0,11424,0,19536,0,0,0,0,0,0
5649,San Carlos,Antioquia,1118,70.68,1195,88.15,3,0.37,2316,159.2,1,5711,5817,6821,8262,3,23.56,29.38333333,0.123333333,53.06666667
5652,San Francisco,Antioquia,0,0,0,0,0,0,0,0,0,3102,0,4017,0,0,0,0,0,0
5656,San Jerónimo,Antioquia,0,0,0,0,0,0,0,0,0,1357,485,2268,3196,0,0,0,0,0
5658,San José de La Montaña,Antioquia,0,0,0,0,0,0,0,0,0,9127,0,20745,0,0,0,0,0,0
5659,San Juan de Urabá,Antioquia,0,0,0,0,0,0,0,0,0,0,0,0,0,0,0,0,0,0
5660,San Luis,Antioquia,0,0,0,0,0,0,0,0,0,1901,0,2658,0,0,0,0,0,0
5664,San Pedro,Antioquia,0,0,0,0,0,0,0,0,0,6384,5199,5249,5033,0,0,0,0,0
5665,San Pedro de Uraba,Antioquia,0,0,0,0,0,0,0,0,0,0,0,0,0,0,0,0,0,0
5667,San Rafael,Antioquia,0,0,0,0,0,0,0,0,0,9495,9004,17852,7172,0,0,0,0,0
5670,San Roque,Antioquia,1546,1024.08,1047,1489.37,119,19.86,2712,2533.31,1,1186,0,3019,0,6,170.68,248.2283333,3.31,422.2183333
5674,San Vicente,Antioquia,0,0,0,0,0,0,0,0,0,3005,5513,6854,7605,0,0,0,0,0
5679,Santa Bárbara,Antioquia,1567,1921.23,512,1742.72,186,25.31,2265,3689.27,1,1071,0,533,0,6,320.205,290.4533333,4.218333333,614.8783333
5690,Santo Domingo,Antioquia,0,0,0,0,0,0,0,0,0,11111,12744,19181,0,0,0,0,0,0
5697,El Santuario,Antioquia,3068,123.15,1903,85.64,218,25.53,5189,234.31,1,1597,1638,2458,3013,5,24.63,17.128,5.106,46.862
5736,Segovia,Antioquia,0,0,0,0,0,0,0,0,0,6211,6604,7912,10417,0,0,0,0,0
5790,Tarazá,Antioquia,0,0,0,0,0,0,0,0,0,1737,0,1936,0,0,0,0,0,0
5792,Tarso,Antioquia,0,0,0,0,0,0,0,0,0,0,0,0,0,0,0,0,0,0
5809,Titiribí,Antioquia,343,64.95,133,58.56,32,6.72,508,130.23,1,3171,3576,4557,4898,2,32.475,29.28,3.36,65.115
5819,Toledo,Antioquia,0,0,0,0,0,0,0,0,0,1566,3070,6293,8549,0,0,0,0,0
5842,Uramita,Antioquia,0,0,0,0,0,0,0,0,0,2531,0,4963,0,0,0,0,0,0
5847,Urrao,Antioquia,3464,9367.63,2004,10123.29,342,35.61,5810,19526.55,1,1168,0,2387,0,9,1040.847778,1124.81,3.956666667,2169.616667
5854,Valdivia,Antioquia,0,0,0,0,0,0,0,0,0,3633,4603,5657,7182,0,0,0,0,0
5856,Valparaíso,Antioquia,0,0,0,0,0,0,0,0,0,3791,3197,5220,7136,0,0,0,0,0
5858,Vegachí,Antioquia,0,0,0,0,0,0,0,0,0,0,0,0,0,0,0,0,0,0
5861,Venecia,Antioquia,0,0,0,0,0,0,0,0,0,8255,9798,10989,12815,0,0,0,0,0
5873,Vigía del Fuerte,Antioquia,0,0,0,0,0,0,0,0,0,2278,0,3056,0,0,0,0,0,0
5885,Yalí,Antioquia,0,0,0,0,0,0,0,0,0,2897,0,5046,5923,0,0,0,0,0
5893,Yondó,Antioquia,0,0,0,0,0,0,0,0,0,2611,0,3700,0,0,0,0,0,0
5895,Zaragoza,Antioquia,0,0,0,0,0,0,0,0,0,1494,0,2626,3106,0,0,0,0,0
8078,Baranoa,Atlántico,0,0,0,0,0,0,0,0,0,8529,11692,12568,14452,0,0,0,0,0
8137,Campo de La Cruz,Atlántico,0,0,0,0,0,0,0,0,0,28962,0,148134,222861,0,0,0,0,0
8141,Candelaria,Atlántico,0,0,0,0,0,0,0,0,0,1347,0,1684,1790,0,0,0,0,0
8296,Galapa,Atlántico,0,0,0,0,0,0,0,0,0,12201,10973,13557,14100,0,0,0,0,0
8372,Juan de Acosta,Atlántico,0,0,0,0,0,0,0,0,0,7609,5927,7471,8474,0,0,0,0,0
8421,Luruaco,Atlántico,0,0,0,0,0,0,0,0,0,1379,0,2763,3511,0,0,0,0,0
8433,Malambo,Atlántico,0,0,0,0,0,0,0,0,0,7614,8507,11297,13379,0,0,0,0,0
8436,Manatí,Atlántico,0,0,0,0,0,0,0,0,0,4509,3951,5805,7709,0,0,0,0,0
8520,Palmar de Varela,Atlántico,0,0,0,0,0,0,0,0,0,18999,21133,28877,29761,0,0,0,0,0
8549,Piojó,Atlántico,0,0,0,0,0,0,0,0,0,5946,5567,11649,7475,0,0,0,0,0
8558,Polonuevo,Atlántico,0,0,0,0,0,0,0,0,0,850,1002,1384,1844,0,0,0,0,0
8560,Ponedera,Atlántico,0,0,0,0,0,0,0,0,0,1600,0,2774,3305,0,0,0,0,0
8573,Puerto Colombia,Atlántico,0,0,0,0,0,0,0,0,0,9313,8786,11165,12805,0,0,0,0,0
8606,Repelón,Atlántico,0,0,0,0,0,0,0,0,0,5852,6017,7646,7547,0,0,0,0,0
8634,Sabanagrande,Atlántico,0,0,0,0,0,0,0,0,0,1875,1977,2558,2871,0,0,0,0,0
8638,Sabanalarga,Atlántico,8135,7000.28,2088,6438.54,88,12.43,10311,13451.25,1,710,0,1097,1189,8,875.035,804.8175,1.55375,1681.40625
8675,Santa Lucía,Atlántico,0,0,0,0,0,0,0,0,0,1710,0,1601,1811,0,0,0,0,0
8685,Santo Tomás,Atlántico,746,67.58,108,47.02,1,1.15,855,115.75,1,2775,3403,21798,34919,1,67.58,47.02,1.15,115.75
8758,Soledad,Atlántico,0,0,0,0,0,0,0,0,0,8801,8796,12573,13622,0,0,0,0,0
8770,Suan,Atlántico,0,0,0,0,0,0,0,0,0,2618,3395,4770,5316,0,0,0,0,0
8832,Tubará,Atlántico,0,0,0,0,0,0,0,0,0,3499,3127,4146,4862,0,0,0,0,0
8849,Usiacurí,Atlántico,0,0,0,0,0,0,0,0,0,6108,4535,5882,6645,0,0,0,0,0
13006,Achí,Bolívar,0,0,0,0,0,0,0,0,0,0,0,0,0,0,0,0,0,0
13030,Altos del Rosario,Bolívar,0,0,0,0,0,0,0,0,0,0,0,0,0,0,0,0,0,0
13042,Arenal,Bolívar,0,0,0,0,0,0,0,0,0,0,0,0,0,0,0,0,0,0
13052,Arjona,Bolívar,0,0,0,0,0,0,0,0,0,3196,4716,5272,7416,0,0,0,0,0
13062,Arroyohondo,Bolívar,0,0,0,0,0,0,0,0,0,0,0,0,0,0,0,0,0,0
13074,Barranco de Loba,Bolívar,0,0,0,0,0,0,0,0,0,0,0,0,0,0,0,0,0,0
13160,Cantagallo,Bolívar,0,0,0,0,0,0,0,0,0,0,0,0,0,0,0,0,0,0
13188,Cicuco,Bolívar,0,0,0,0,0,0,0,0,0,0,0,0,0,0,0,0,0,0
13212,Córdoba,Bolívar,0,0,0,0,0,0,0,0,0,398,0,682,2741,0,0,0,0,0
13222,Clemencia,Bolívar,0,0,0,0,0,0,0,0,0,794,0,1325,1772,0,0,0,0,0
13248,El Guamo,Bolívar,0,0,0,0,0,0,0,0,0,0,0,0,0,0,0,0,0,0
13268,El Peñón,Bolívar,0,0,0,0,0,0,0,0,0,3174,0,6119,8461,0,0,0,0,0
13300,Hatillo de Loba,Bolívar,0,0,0,0,0,0,0,0,0,0,0,0,0,0,0,0,0,0
13433,Mahates,Bolívar,0,0,0,0,0,0,0,0,0,3633,0,9747,15627,0,0,0,0,0
13440,Margarita,Bolívar,0,0,0,0,0,0,0,0,0,94364,0,334459,505003,0,0,0,0,0
13458,Montecristo,Bolívar,0,0,0,0,0,0,0,0,0,0,0,0,0,0,0,0,0,0
13473,Morales,Bolívar,0,0,0,0,0,0,0,0,0,0,0,0,0,0,0,0,0,0
13490,Norosí (1),Bolívar,0,0,0,0,0,0,0,0,0,0,0,0,0,0,0,0,0,0
13549,Pinillos,Bolívar,0,0,0,0,0,0,0,0,0,0,0,0,0,0,0,0,0,0
13580,Regidor,Bolívar,0,0,0,0,0,0,0,0,0,0,0,0,0,0,0,0,0,0
13600,Río Viejo (1)(3),Bolívar,0,0,0,0,0,0,0,0,0,0,0,0,0,0,0,0,0,0
13620,San Cristóbal,Bolívar,0,0,0,0,0,0,0,0,0,842,0,2283,2554,0,0,0,0,0
13647,San Estanislao,Bolívar,0,0,0,0,0,0,0,0,0,1854,0,7159,11939,0,0,0,0,0
13650,San Fernando,Bolívar,0,0,0,0,0,0,0,0,0,1079,0,6370,9563,0,0,0,0,0
13654,San Jacinto,Bolívar,247,11.06,91,28.36,38,8.14,376,47.57,1,1278,0,3128,5559,1,11.06,28.36,8.14,47.57
13655,San Jacinto del Cauca,Bolívar,0,0,0,0,0,0,0,0,0,0,0,0,0,0,0,0,0,0
13657,San Juan Nepomuceno,Bolívar,2302,1912.74,2177,15975.39,230,69.42,4709,17957.55,1,1127,0,2642,4180,7,273.2485714,2282.198571,9.917142857,2565.364286
13667,San Martín de Loba,Bolívar,0,0,0,0,0,0,0,0,0,1447,0,3014,3250,0,0,0,0,0
13670,San Pablo,Bolívar,0,0,0,0,0,0,0,0,0,0,0,0,0,0,0,0,0,0
13673,Santa Catalina,Bolívar,0,0,0,0,0,0,0,0,0,934,0,2576,2932,0,0,0,0,0
13683,Santa Rosa,Bolívar,0,0,0,0,0,0,0,0,0,1261,1632,3701,6493,0,0,0,0,0
13688,Santa Rosa del Sur,Bolívar,0,0,0,0,0,0,0,0,0,0,0,0,0,0,0,0,0,0
13744,Simití,Bolívar,153,37.04,99,33.56,0,0,252,70.6,1,0,0,0,0,1,37.04,33.56,0,70.6
13760,Soplaviento,Bolívar,0,0,0,0,0,0,0,0,0,1341,0,4493,6625,0,0,0,0,0
13780,Talaigua Nuevo,Bolívar,0,0,0,0,0,0,0,0,0,0,0,0,0,0,0,0,0,0
13810,Tiquisio,Bolívar,0,0,0,0,0,0,0,0,0,0,0,0,0,0,0,0,0,0
13836,Turbaco,Bolívar,0,0,0,0,0,0,0,0,0,2187,1678,3436,5669,0,0,0,0,0
13838,Turbaná,Bolívar,0,0,0,0,0,0,0,0,0,1248,1920,4129,5863,0,0,0,0,0
13873,Villanueva,Bolívar,0,0,0,0,0,0,0,0,0,847,954,1287,1836,0,0,0,0,0
13894,Zambrano,Bolívar,0,0,0,0,0,0,0,0,0,1393,1569,2786,4086,0,0,0,0,0
15022,Almeida,Boyacá,0,0,0,0,0,0,0,0,0,2322,0,4065,4758,0,0,0,0,0
15047,Aquitania,Boyacá,0,0,0,0,0,0,0,0,0,1671,2129,3910,6536,0,0,0,0,0
15051,Arcabuco,Boyacá,0,0,0,0,0,0,0,0,0,1089,1491,3051,5079,0,0,0,0,0
15087,Belén,Boyacá,0,0,0,0,0,0,0,0,0,8946,11787,17385,23576,0,0,0,0,0
15090,Berbeo,Boyacá,0,0,0,0,0,0,0,0,0,628,0,1118,1148,0,0,0,0,0
15092,Betéitiva,Boyacá,0,0,0,0,0,0,0,0,0,1556,2307,4577,7789,0,0,0,0,0
15097,Boavita,Boyacá,0,0,0,0,0,0,0,0,0,5041,9191,21389,44099,0,0,0,0,0
15104,Boyacá,Boyacá,0,0,0,0,0,0,0,0,0,1709,824,1787,3372,0,0,0,0,0
15106,Briceño,Boyacá,0,0,0,0,0,0,0,0,0,2057,0,2394,2700,0,0,0,0,0
15109,Buenavista,Boyacá,0,0,0,0,0,0,0,0,0,1071,1409,1808,2760,0,0,0,0,0
15114,Busbanzá,Boyacá,0,0,0,0,0,0,0,0,0,1095,1425,1688,2601,0,0,0,0,0
15131,Caldas,Boyacá,0,0,0,0,0,0,0,0,0,5180,0,8261,13475,0,0,0,0,0
15135,Campohermoso,Boyacá,0,0,0,0,0,0,0,0,0,0,0,0,0,0,0,0,0,0
15162,Cerinza,Boyacá,0,0,0,0,0,0,0,0,0,2349,0,0,0,0,0,0,0,0
15172,Chinavita,Boyacá,0,0,0,0,0,0,0,0,0,2891,0,1953,2692,0,0,0,0,0
15180,Chiscas,Boyacá,0,0,0,0,0,0,0,0,0,1102,1449,2821,0,0,0,0,0,0
15183,Chita,Boyacá,0,0,0,0,0,0,0,0,0,4639,4109,6715,7594,0,0,0,0,0
15185,Chitaraque,Boyacá,0,0,0,0,0,0,0,0,0,5377,6188,11926,20696,0,0,0,0,0
15187,Chivatá,Boyacá,0,0,0,0,0,0,0,0,0,52165,0,150490,227632,0,0,0,0,0
15189,Ciénega,Boyacá,0,0,0,0,0,0,0,0,0,4640,5183,0,0,0,0,0,0,0
15204,Cómbita,Boyacá,0,0,0,0,0,0,0,0,0,1356,0,0,0,0,0,0,0,0
15212,Coper,Boyacá,0,0,0,0,0,0,0,0,0,1998,3410,0,0,0,0,0,0,0
15215,Corrales,Boyacá,0,0,0,0,0,0,0,0,0,2841,3562,0,0,0,0,0,0,0
15218,Covarachía,Boyacá,0,0,0,0,0,0,0,0,0,0,0,0,0,0,0,0,0,0
15223,Cubará,Boyacá,0,0,0,0,0,0,0,0,0,2291,0,2140,2234,0,0,0,0,0
15224,Cucaita,Boyacá,0,0,0,0,0,0,0,0,0,1267,1512,3142,4761,0,0,0,0,0
15226,Cuítiva,Boyacá,0,0,0,0,0,0,0,0,0,5543,6851,15119,0,0,0,0,0,0
15232,Chíquiza,Boyacá,0,0,0,0,0,0,0,0,0,1649,1532,2579,2920,0,0,0,0,0
15236,Chivor,Boyacá,0,0,0,0,0,0,0,0,0,472,0,822,1290,0,0,0,0,0
15248,El Espino,Boyacá,5310,15566.99,939,6218.03,120,64.93,6369,21849.95,1,1838,2364,4490,6059,7,2223.855714,888.29,9.275714286,3121.421429
15272,Firavitoba,Boyacá,0,0,0,0,0,0,0,0,0,4558,2635,10532,8904,0,0,0,0,0
15276,Floresta,Boyacá,0,0,0,0,0,0,0,0,0,1836,1456,3129,3199,0,0,0,0,0
15293,Gachantivá,Boyacá,0,0,0,0,0,0,0,0,0,6585,8086,15917,15229,0,0,0,0,0
15296,Gameza,Boyacá,0,0,0,0,0,0,0,0,0,14315,20428,0,0,0,0,0,0,0
15317,Guacamayas,Boyacá,0,0,0,0,0,0,0,0,0,1821,2348,4484,0,0,0,0,0,0
15332,Güicán,Boyacá,0,0,0,0,0,0,0,0,0,1592,0,2412,2419,0,0,0,0,0
15362,Iza,Boyacá,0,0,0,0,0,0,0,0,0,4168,8227,0,0,0,0,0,0,0
15367,Jenesano,Boyacá,0,0,0,0,0,0,0,0,0,1852,2305,3527,0,0,0,0,0,0
15368,Jericó,Boyacá,0,0,0,0,0,0,0,0,0,1397,1419,0,0,0,0,0,0,0
15377,Labranzagrande,Boyacá,0,0,0,0,0,0,0,0,0,1575,1842,3107,0,0,0,0,0,0
15380,La Capilla,Boyacá,0,0,0,0,0,0,0,0,0,1218,1669,0,0,0,0,0,0,0
15401,La Victoria,Boyacá,0,0,0,0,0,0,0,0,0,3778,0,7854,12352,0,0,0,0,0
15403,La Uvita,Boyacá,7506,21973,1352,4926.83,41,12.86,8899,26912.21,1,2164,2596,4153,5227,7,3139,703.8328571,1.837142857,3844.601429
15425,Macanal,Boyacá,0,0,0,0,0,0,0,0,0,2443,2738,5750,8521,0,0,0,0,0
15442,Maripí,Boyacá,0,0,0,0,0,0,0,0,0,2771,3056,5922,9931,0,0,0,0,0
15464,Mongua,Boyacá,0,0,0,0,0,0,0,0,0,1743,2273,4309,6619,0,0,0,0,0
15466,Monguí,Boyacá,0,0,0,0,0,0,0,0,0,2374,3387,7795,0,0,0,0,0,0
15476,Motavita,Boyacá,0,0,0,0,0,0,0,0,0,957,2034,3957,5860,0,0,0,0,0
15480,Muzo,Boyacá,193,114.92,95,69.92,1,0.7,289,185.55,1,1052,0,3679,2714,1,114.92,69.92,0.7,185.55
15491,Nobsa,Boyacá,0,0,0,0,0,0,0,0,0,1198,1064,1871,3018,0,0,0,0,0
15494,Nuevo Colón,Boyacá,0,0,0,0,0,0,0,0,0,1201,2029,9172,14038,0,0,0,0,0
15500,Oicatá,Boyacá,0,0,0,0,0,0,0,0,0,7543,5239,10526,0,0,0,0,0,0
15507,Otanche,Boyacá,0,0,0,0,0,0,0,0,0,0,0,0,0,0,0,0,0,0
15511,Pachavita,Boyacá,0,0,0,0,0,0,0,0,0,6574,11553,27106,0,0,0,0,0,0
15514,Páez,Boyacá,0,0,0,0,0,0,0,0,0,0,0,0,0,0,0,0,0,0
15516,Paipa,Boyacá,502,50.16,167,29.51,65,12.18,734,91.85,1,1797,2082,3483,5629,1,50.16,29.51,12.18,91.85
15518,Pajarito,Boyacá,0,0,0,0,0,0,0,0,0,2652,3366,5644,0,0,0,0,0,0
15522,Panqueba,Boyacá,0,0,0,0,0,0,0,0,0,2062,2407,5195,0,0,0,0,0,0
15533,Paya,Boyacá,0,0,0,0,0,0,0,0,0,1505,1477,3193,0,0,0,0,0,0
15537,Paz de Río,Boyacá,0,0,0,0,0,0,0,0,0,0,0,0,0,0,0,0,0,0
15550,Pisba,Boyacá,0,0,0,0,0,0,0,0,0,1370,1569,3000,3956,0,0,0,0,0
15572,Puerto Boyacá,Boyacá,651,325.19,283,388.06,8,4.01,942,717.26,1,0,0,0,0,3,108.3966667,129.3533333,1.336666667,239.0866667
15580,Quípama,Boyacá,0,0,0,0,0,0,0,0,0,0,0,0,0,0,0,0,0,0
15600,Ráquira,Boyacá,0,0,0,0,0,0,0,0,0,2576,2201,3336,4425,0,0,0,0,0
15621,Rondón,Boyacá,0,0,0,0,0,0,0,0,0,0,0,0,0,0,0,0,0,0
15632,Saboyá,Boyacá,8670,15542.67,2393,4940.19,111,16.54,11174,20499.4,1,859,1061,1938,0,7,2220.381429,705.7414286,2.362857143,2928.485714
15638,Sáchica,Boyacá,0,0,0,0,0,0,0,0,0,2245,2258,3703,0,0,0,0,0,0
15646,Samacá,Boyacá,0,0,0,0,0,0,0,0,0,1097,1660,2166,0,0,0,0,0,0
15660,San Eduardo,Boyacá,0,0,0,0,0,0,0,0,0,1668,0,2778,3388,0,0,0,0,0
15664,San José de Pare,Boyacá,0,0,0,0,0,0,0,0,0,1110,976,1366,0,0,0,0,0,0
15667,San Luis de Gaceno,Boyacá,4224,73669.71,3698,67976.33,27,56.94,7949,141702.98,1,0,0,0,0,8,9208.71375,8497.04125,7.1175,17712.8725
15673,San Mateo,Boyacá,0,0,0,0,0,0,0,0,0,3501,3763,5362,0,0,0,0,0,0
15676,San Miguel de Sema,Boyacá,0,0,0,0,0,0,0,0,0,0,0,0,0,0,0,0,0,0
15681,San Pablo de Borbur,Boyacá,0,0,0,0,0,0,0,0,0,0,0,0,0,0,0,0,0,0
15686,Santana,Boyacá,0,0,0,0,0,0,0,0,0,1010,1547,2392,0,0,0,0,0,0
15690,Santa María,Boyacá,0,0,0,0,0,0,0,0,0,0,0,0,0,0,0,0,0,0
15693,Santa Rosa de Viterbo,Boyacá,5618,28651.61,623,7066.39,342,112.22,6583,35830.24,1,985,1224,2566,0,7,4093.087143,1009.484286,16.03142857,5118.605714
15696,Santa Sofía,Boyacá,0,0,0,0,0,0,0,0,0,835,1506,2602,0,0,0,0,0,0
15720,Sativanorte,Boyacá,0,0,0,0,0,0,0,0,0,1694,1387,10755,2100,0,0,0,0,0
15723,Sativasur,Boyacá,0,0,0,0,0,0,0,0,0,3154,2569,1625,0,0,0,0,0,0
15740,Siachoque,Boyacá,0,0,0,0,0,0,0,0,0,420,327,661,0,0,0,0,0,0
15761,Somondoco,Boyacá,0,0,0,0,0,0,0,0,0,1579,1740,2549,0,0,0,0,0,0
15762,Sora,Boyacá,0,0,0,0,0,0,0,0,0,873,0,656,0,0,0,0,0,0
15763,Sotaquirá,Boyacá,0,0,0,0,0,0,0,0,0,1458,1645,2595,0,0,0,0,0,0
15764,Soracá,Boyacá,0,0,0,0,0,0,0,0,0,7384,9605,85038,19931,0,0,0,0,0
15774,Susacón,Boyacá,0,0,0,0,0,0,0,0,0,1352,397,1763,0,0,0,0,0,0
15776,Sutamarchán,Boyacá,0,0,0,0,0,0,0,0,0,2605,2768,3715,0,0,0,0,0,0
15778,Sutatenza,Boyacá,0,0,0,0,0,0,0,0,0,4215,3832,5270,0,0,0,0,0,0
15790,Tasco,Boyacá,0,0,0,0,0,0,0,0,0,780,997,2205,0,0,0,0,0,0
15798,Tenza,Boyacá,0,0,0,0,0,0,0,0,0,750,815,0,0,0,0,0,0,0
15804,Tibaná,Boyacá,1302,121.55,83,10.83,69,15.34,1454,147.72,1,965,1200,2230,0,1,121.55,10.83,15.34,147.72
15806,Tibasosa,Boyacá,0,0,0,0,0,0,0,0,0,1444,1899,4179,0,0,0,0,0,0
15808,Tinjacá,Boyacá,0,0,0,0,0,0,0,0,0,1028,1263,2293,0,0,0,0,0,0
15810,Tipacoque,Boyacá,0,0,0,0,0,0,0,0,0,2923,0,4018,4664,0,0,0,0,0
15814,Toca,Boyacá,1167,169.34,157,106.23,278,93.76,1602,369.32,1,1562,1646,1697,0,2,84.67,53.115,46.88,184.66
15816,Togüí,Boyacá,0,0,0,0,0,0,0,0,0,1512,1335,2320,0,0,0,0,0,0
15820,Tópaga,Boyacá,0,0,0,0,0,0,0,0,0,576,752,0,0,0,0,0,0,0
15822,Tota,Boyacá,0,0,0,0,0,0,0,0,0,672,885,1377,0,0,0,0,0,0
15832,Tununguá,Boyacá,0,0,0,0,0,0,0,0,0,2352,0,7652,28242,0,0,0,0,0
15835,Turmequé,Boyacá,0,0,0,0,0,0,0,0,0,5749,9001,31759,36039,0,0,0,0,0
15837,Tuta,Boyacá,0,0,0,0,0,0,0,0,0,3882,4000,5369,0,0,0,0,0,0
15839,Tutazá,Boyacá,0,0,0,0,0,0,0,0,0,1857,2176,3231,0,0,0,0,0,0
15842,Umbita,Boyacá,0,0,0,0,0,0,0,0,0,2330,2152,2948,0,0,0,0,0,0
15861,Ventaquemada,Boyacá,5868,21876.46,704,6873.83,297,87.84,6869,28838.14,1,2165,2010,2914,0,8,2734.5575,859.22875,10.98,3604.7675
15879,Viracachá,Boyacá,0,0,0,0,0,0,0,0,0,780,944,1622,0,0,0,0,0,0
15897,Zetaquira,Boyacá,0,0,0,0,0,0,0,0,0,1426,1715,2840,0,0,0,0,0,0
17050,Aranzazu,Caldas,4305,10403.25,1700,7174.12,243,31.83,6248,17609.19,1,2889,3359,5353,0,8,1300.40625,896.765,3.97875,2201.14875
17088,Belalcázar,Caldas,2877,32371.15,696,5479.46,45,20.35,3618,37870.99,1,3756,0,8459,7350,9,3596.794444,608.8288889,2.261111111,4207.887778
17174,Chinchiná,Caldas,1767,2961.29,618,2739.6,232,54.68,2617,5755.57,1,2757,2985,4968,0,7,423.0414286,391.3714286,7.811428571,822.2242857
17272,Filadelfia,Caldas,0,0,0,0,0,0,0,0,0,2859,3151,0,0,0,0,0,0,0
17388,La Merced,Caldas,0,0,0,0,0,0,0,0,0,6069,0,10180,10075,0,0,0,0,0
17442,Marmato,Caldas,0,0,0,0,0,0,0,0,0,836,1364,1126,0,0,0,0,0,0
17444,Marquetalia,Caldas,0,0,0,0,0,0,0,0,0,822,0,4316,2989,0,0,0,0,0
17446,Marulanda,Caldas,0,0,0,0,0,0,0,0,0,1525,1519,2790,0,0,0,0,0,0
17486,Neira,Caldas,800,944.24,359,1197.75,85,29.07,1244,2171.07,1,1843,1989,2421,0,6,157.3733333,199.625,4.845,361.845
17495,Norcasia,Caldas,0,0,0,0,0,0,0,0,0,3639,0,5749,5979,0,0,0,0,0
17513,Pácora,Caldas,2736,5517.86,1093,3579.33,128,19.55,3957,9116.73,1,0,0,0,0,7,788.2657143,511.3328571,2.792857143,1302.39
17524,Palestina,Caldas,543,4573.91,142,2403.78,52,35.54,737,7013.23,0,990,491,409,0,6,762.3183333,400.63,5.923333333,1168.871667
17616,Risaralda,Caldas,0,0,0,0,0,0,0,0,0,1368,0,4188,3743,0,0,0,0,0
17662,Samaná,Caldas,735,30.37,247,14.43,23,4.09,1005,48.89,1,2608,0,4534,4125,2,15.185,7.215,2.045,24.445
17665,San José,Caldas,0,0,0,0,0,0,0,0,0,4477,0,9420,8920,0,0,0,0,0
17777,Supía,Caldas,0,0,0,0,0,0,0,0,0,1235,1306,2019,0,0,0,0,0,0
17867,Victoria,Caldas,0,0,0,0,0,0,0,0,0,3056,0,4164,4694,0,0,0,0,0
17873,Villamaría,Caldas,0,0,0,0,0,0,0,0,0,1053,1371,2911,0,0,0,0,0,0
17877,Viterbo,Caldas,378,48.04,75,16,81,18.85,534,82.9,1,2451,0,4502,5303,3,16.01333333,5.333333333,6.283333333,27.63333333
18029,Albania,Caquetá,0,0,0,0,0,0,0,0,0,0,0,0,0,0,0,0,0,0
18094,Belén de Los Andaquies,Caquetá,757,139.53,352,172.24,72,39.85,1181,351.63,1,0,0,0,0,1,139.53,172.24,39.85,351.63
18150,Cartagena del Chairá,Caquetá,0,0,0,0,0,0,0,0,0,0,0,0,0,0,0,0,0,0
18205,Curillo,Caquetá,0,0,0,0,0,0,0,0,0,6666,0,11480,15803,0,0,0,0,0
18247,El Doncello,Caquetá,0,0,0,0,0,0,0,0,0,0,0,0,0,0,0,0,0,0
18256,El Paujil,Caquetá,0,0,0,0,0,0,0,0,0,0,0,0,0,0,0,0,0,0
18410,La Montañita,Caquetá,0,0,0,0,0,0,0,0,0,686,0,934,930,0,0,0,0,0
18460,Milán,Caquetá,0,0,0,0,0,0,0,0,0,0,0,0,0,0,0,0,0,0
18479,Morelia,Caquetá,0,0,0,0,0,0,0,0,0,0,0,0,0,0,0,0,0,0
18592,Puerto Rico,Caquetá,406,0,187,0,36,0,629,0,1,1984,3233,3279,0,1,0,0,0,0
18610,San José del Fragua,Caquetá,0,0,0,0,0,0,0,0,0,0,0,0,0,0,0,0,0,0
18753,San Vicente del Caguán,Caquetá,912,132.51,1004,162.03,144,27.91,2060,322.45,1,138,0,739,0,4,33.1275,40.5075,6.9775,80.6125
18756,Solano,Caquetá,325,0,247,0,1,0,573,0,1,677,0,1422,1492,1,0,0,0,0
18785,Solita,Caquetá,0,0,0,0,0,0,0,0,0,0,0,0,0,0,0,0,0,0
18860,Valparaíso,Caquetá,0,0,0,0,0,0,0,0,0,0,0,0,0,0,0,0,0,0
19022,Almaguer,Cauca,315,20.18,161,18.3,0,0,476,38.48,1,565,0,3112,0,1,20.18,18.3,0,38.48
19050,Argelia,Cauca,0,0,0,0,0,0,0,0,0,0,0,0,0,0,0,0,0,0
19075,Balboa,Cauca,0,0,0,0,0,0,0,0,0,740,0,1290,1335,0,0,0,0,0
19110,Buenos Aires,Cauca,0,0,0,0,0,0,0,0,0,887,0,1702,1872,0,0,0,0,0
19130,Cajibío,Cauca,0,0,0,0,0,0,0,0,0,3879,3861,2966,0,0,0,0,0,0
19137,Caldono,Cauca,0,0,0,0,0,0,0,0,0,1545,2255,5656,0,0,0,0,0,0
19142,Caloto(1)(3),Cauca,4320,13380.29,1758,14787.46,474,55.4,6552,28223.16,1,1541,1524,3297,0,9,1486.698889,1643.051111,6.155555556,3135.906667
19212,Corinto,Cauca,803,64.39,552,94.59,86,22.32,1441,181.3,1,3561,0,9964,13269,3,21.46333333,31.53,7.44,60.43333333
19290,Florencia,Cauca,0,0,0,0,0,0,0,0,0,0,0,0,0,0,0,0,0,0
19300,Guachené (1),Cauca,0,0,0,0,0,0,0,0,0,0,0,0,0,0,0,0,0,0
19318,Guapi,Cauca,21,0.72,0,0,0,0,21,0.72,1,641,0,2610,0,1,0.72,0,0,0.72
19355,Inzá,Cauca,0,0,0,0,0,0,0,0,0,657,885,0,0,0,0,0,0,0
19364,Jambaló,Cauca,0,0,0,0,0,0,0,0,0,1056,915,3237,0,0,0,0,0,0
19392,La Sierra,Cauca,0,0,0,0,0,0,0,0,0,1233,1731,5835,0,0,0,0,0,0
19397,La Vega,Cauca,0,0,0,0,0,0,0,0,0,1057,1345,2227,0,0,0,0,0,0
19418,López,Cauca,0,0,0,0,0,0,0,0,0,986,0,1984,0,0,0,0,0,0
19450,Mercaderes,Cauca,288,27.65,184,36.62,10,1.84,482,66.11,1,632,881,0,0,1,27.65,36.62,1.84,66.11
19455,Miranda,Cauca,443,49.47,166,61.24,118,26.62,727,137.33,1,749,0,1763,0,3,16.49,20.41333333,8.873333333,45.77666667
19473,Morales,Cauca,0,0,0,0,0,0,0,0,0,1319,1686,2682,0,0,0,0,0,0
19513,Padilla,Cauca,0,0,0,0,0,0,0,0,0,7373,0,11195,15103,0,0,0,0,0
19517,Paez,Cauca,699,43.61,768,115.04,3,0.35,1470,159,1,3780,4831,7613,0,4,10.9025,28.76,0.0875,39.75
19532,Patía,Cauca,904,67.35,670,123.78,82,10.91,1656,202.05,1,8772,0,8094,8931,3,22.45,41.26,3.636666667,67.35
19533,Piamonte,Cauca,0,0,0,0,0,0,0,0,0,2413,0,3275,0,0,0,0,0,0
19548,Piendamó,Cauca,4365,292.62,722,159.44,624,142.88,5711,594.95,1,189,689,911,0,5,58.524,31.888,28.576,118.99
19585,Puracé,Cauca,0,0,0,0,0,0,0,0,0,723,1021,2168,0,0,0,0,0,0
19622,Rosas,Cauca,0,0,0,0,0,0,0,0,0,1420,2353,17292,0,0,0,0,0,0
19693,San Sebastián,Cauca,0,0,0,0,0,0,0,0,0,305,362,586,0,0,0,0,0,0
19701,Santa Rosa,Cauca,0,0,0,0,0,0,0,0,0,1547,0,2111,2176,0,0,0,0,0
19743,Silvia,Cauca,0,0,0,0,0,0,0,0,0,3183,5474,6840,0,0,0,0,0,0
19760,Sotara,Cauca,0,0,0,0,0,0,0,0,0,0,0,0,0,0,0,0,0,0
19780,Suárez,Cauca,0,0,0,0,0,0,0,0,0,2977,0,6340,9147,0,0,0,0,0
19785,Sucre,Cauca,0,0,0,0,0,0,0,0,0,0,0,0,0,0,0,0,0,0
19807,Timbío,Cauca,5115,8546.01,1423,6455.72,917,144.57,7455,15146.29,1,177,220,554,0,7,1220.858571,922.2457143,20.65285714,2163.755714
19809,Timbiquí,Cauca,0,0,0,0,0,0,0,0,0,1363,0,1026,0,0,0,0,0,0
19821,Toribio,Cauca,0,0,0,0,0,0,0,0,0,3189,3439,12686,0,0,0,0,0,0
19824,Totoró,Cauca,0,0,0,0,0,0,0,0,0,1937,1959,3843,0,0,0,0,0,0
19845,Villa Rica,Cauca,0,0,0,0,0,0,0,0,0,1438,0,2103,2226,0,0,0,0,0
20011,Aguachica,Cesar,1956,154.17,1190,216.8,532,72.91,3678,443.9,1,0,0,10420,13742,5,30.834,43.36,14.582,88.78
20013,Agustín Codazzi,Cesar,1164,0,983,0,51,0,2198,0,1,0,0,0,0,6,0,0,0,0
20032,Astrea,Cesar,0,0,0,0,0,0,0,0,0,14162,0,56592,86181,0,0,0,0,0
20045,Becerril,Cesar,0,0,0,0,0,0,0,0,0,0,0,0,0,0,0,0,0,0
20060,Bosconia,Cesar,0,0,0,0,0,0,0,0,0,0,0,0,0,0,0,0,0,0
20175,Chimichagua,Cesar,0,0,0,0,0,0,0,0,0,2025,0,3644,3759,0,0,0,0,0
20228,Curumaní,Cesar,0,0,0,0,0,0,0,0,0,0,0,0,0,0,0,0,0,0
20238,El Copey,Cesar,0,0,0,0,0,0,0,0,0,0,0,0,0,0,0,0,0,0
20250,El Paso,Cesar,0,0,0,0,0,0,0,0,0,0,0,0,0,0,0,0,0,0
20295,Gamarra,Cesar,0,0,0,0,0,0,0,0,0,2626,0,5175,5474,0,0,0,0,0
20310,González,Cesar,0,0,0,0,0,0,0,0,0,1446,2078,2092,0,0,0,0,0,0
20383,La Gloria,Cesar,0,0,0,0,0,0,0,0,0,3621,3273,7025,0,0,0,0,0,0
20400,La Jagua de Ibirico,Cesar,0,0,0,0,0,0,0,0,0,0,0,0,0,0,0,0,0,0
20443,Manaure,Cesar,0,0,0,0,0,0,0,0,0,0,0,0,0,0,0,0,0,0
20517,Pailitas,Cesar,0,0,0,0,0,0,0,0,0,0,0,0,0,0,0,0,0,0
20550,Pelaya,Cesar,0,0,0,0,0,0,0,0,0,0,0,0,0,0,0,0,0,0
20570,Pueblo Bello,Cesar,0,0,0,0,0,0,0,0,0,0,0,0,0,0,0,0,0,0
20614,Río de Oro,Cesar,0,0,0,0,0,0,0,0,0,1888,0,3034,0,0,0,0,0,0
20621,La Paz,Cesar,429,389.81,370,691.87,29,51.78,828,1133.46,1,0,0,0,0,1,389.81,691.87,51.78,1133.46
20710,San Alberto,Cesar,0,0,0,0,0,0,0,0,0,2329,0,4635,6074,0,0,0,0,0
20750,San Diego,Cesar,0,0,0,0,0,0,0,0,0,0,0,0,0,0,0,0,0,0
20770,San Martín,Cesar,0,0,0,0,0,0,0,0,0,0,0,0,0,0,0,0,0,0
20787,Tamalameque,Cesar,262,85.71,238,173.23,30,13.13,530,272.07,1,0,0,0,0,1,85.71,173.23,13.13,272.07
23079,Buenavista,Córdoba,0,0,0,0,0,0,0,0,0,0,0,0,0,0,0,0,0,0
23090,Canalete,Córdoba,0,0,0,0,0,0,0,0,0,0,0,0,0,0,0,0,0,0
23168,Chimá (1) (3),Córdoba,0,0,0,0,0,0,0,0,0,243,260,416,0,0,0,0,0,0
23182,Chinú,Córdoba,1402,54.59,682,108.1,8,4.48,2092,167.16,1,1592,0,4809,0,3,18.19666667,36.03333333,1.493333333,55.72
23189,Ciénaga de Oro,Córdoba,1877,3190.2,1576,8154.81,11,5.43,3464,11350.45,1,825,276,4403,0,7,455.7428571,1164.972857,0.775714286,1621.492857
23300,Cotorra,Córdoba,0,0,0,0,0,0,0,0,0,0,0,0,0,0,0,0,0,0
23350,La Apartada,Córdoba,0,0,0,0,0,0,0,0,0,0,0,0,0,0,0,0,0,0
23419,Los Córdobas,Córdoba,0,0,0,0,0,0,0,0,0,0,0,0,0,0,0,0,0,0
23464,Momil,Córdoba,0,0,0,0,0,0,0,0,0,0,0,0,0,0,0,0,0,0
23466,Montelíbano(1)(3),Córdoba,752,135.43,562,254.2,5,1.31,1319,390.95,1,0,0,0,0,4,33.8575,63.55,0.3275,97.7375
23500,Moñitos,Córdoba,0,0,0,0,0,0,0,0,0,0,0,0,0,0,0,0,0,0
23555,Planeta Rica,Córdoba,618,57.37,322,132.15,4,2.05,944,191.57,1,1862,0,2724,3444,1,57.37,132.15,2.05,191.57
23570,Pueblo Nuevo,Córdoba,471,80.98,233,136.7,25,6.75,729,224.43,1,0,0,0,0,1,80.98,136.7,6.75,224.43
23574,Puerto Escondido,Córdoba,0,0,0,0,0,0,0,0,0,0,0,0,0,0,0,0,0,0
23580,Puerto Libertador,Córdoba,0,0,0,0,0,0,0,0,0,0,0,0,0,0,0,0,0,0
23586,Purísima,Córdoba,0,0,0,0,0,0,0,0,0,2683,1017,2468,0,0,0,0,0,0
23670,San Andrés Sotavento (1) (3),Córdoba,1309,90.01,502,163.82,23,5.57,1834,259.4,1,3389,3059,5307,0,3,30.00333333,54.60666667,1.856666667,86.46666667
23672,San Antero,Córdoba,0,0,0,0,0,0,0,0,0,0,0,0,0,0,0,0,0,0
23675,San Bernardo del Viento,Córdoba,2128,241.41,411,202.74,15,5.14,2554,449.29,1,0,0,0,0,3,80.47,67.58,1.713333333,149.7633333
23678,San Carlos,Córdoba,0,0,0,0,0,0,0,0,0,832,999,1717,0,0,0,0,0,0
23682,San José de Uré(1),Córdoba,0,0,0,0,0,0,0,0,0,0,0,0,0,0,0,0,0,0
23686,San Pelayo,Córdoba,438,47.46,266,76.23,2,2.5,706,126.19,1,1845,1626,2913,0,1,47.46,76.23,2.5,126.19
23815,Tuchín (1) (5),Córdoba,0,0,0,0,0,0,0,0,0,0,0,0,0,0,0,0,0,0
23855,Valencia,Córdoba,0,0,0,0,0,0,0,0,0,0,0,0,0,0,0,0,0,0
25001,Agua de Dios,Cundinamarca,0,0,0,0,0,0,0,0,0,3444,0,14259,17511,0,0,0,0,0
25019,Albán,Cundinamarca,0,0,0,0,0,0,0,0,0,1285,1137,1214,0,0,0,0,0,0
25035,Anapoima,Cundinamarca,0,0,0,0,0,0,0,0,0,1382,1959,2749,0,0,0,0,0,0
25086,Beltrán,Cundinamarca,0,0,0,0,0,0,0,0,0,2709,2839,5035,0,0,0,0,0,0
25095,Bituima,Cundinamarca,0,0,0,0,0,0,0,0,0,3634,3758,5593,0,0,0,0,0,0
25099,Bojacá,Cundinamarca,0,0,0,0,0,0,0,0,0,7879,12606,29403,46213,0,0,0,0,0
25120,Cabrera,Cundinamarca,1494,234.12,3600,616.57,170,118.65,5264,969.34,1,0,0,0,0,4,58.53,154.1425,29.6625,242.335
25123,Cachipay,Cundinamarca,1529,4953.52,328,4037.51,250,146.45,2107,9137.48,1,0,0,4276,5343,6,825.5866667,672.9183333,24.40833333,1522.913333
25126,Cajicá,Cundinamarca,0,0,0,0,0,0,0,0,0,2694,2414,3338,0,0,0,0,0,0
25148,Caparrapí,Cundinamarca,0,0,0,0,0,0,0,0,0,0,0,4866,5116,0,0,0,0,0
25151,Caqueza,Cundinamarca,8692,24014.82,1048,4850.28,309,59.62,10049,28924.71,1,475,583,0,0,9,2668.313333,538.92,6.624444444,3213.856667
25154,Carmen de Carupa,Cundinamarca,0,0,0,0,0,0,0,0,0,712,829,0,0,0,0,0,0,0
25168,Chaguaní,Cundinamarca,0,0,0,0,0,0,0,0,0,1713,2106,3690,0,0,0,0,0,0
25178,Chipaque,Cundinamarca,0,0,0,0,0,0,0,0,0,954,1018,2107,0,0,0,0,0,0
25181,Choachí,Cundinamarca,0,0,0,0,0,0,0,0,0,1488,1935,3259,0,0,0,0,0,0
25200,Cogua,Cundinamarca,0,0,0,0,0,0,0,0,0,0,0,0,0,0,0,0,0,0
25214,Cota,Cundinamarca,0,0,0,0,0,0,0,0,0,1919,2685,4221,0,0,0,0,0,0
25224,Cucunubá,Cundinamarca,0,0,0,0,0,0,0,0,0,259,0,0,0,0,0,0,0,0
25245,El Colegio,Cundinamarca,3456,8202.09,701,7826.57,381,57.31,4538,16085.95,1,2653,2189,3264,0,7,1171.727143,1118.081429,8.187142857,2297.992857
25258,El Peñón,Cundinamarca,0,0,0,0,0,0,0,0,0,2098,2856,5032,0,0,0,0,0,0
25260,El Rosal,Cundinamarca,0,0,0,0,0,0,0,0,0,0,2672,7940,11915,0,0,0,0,0
25281,Fosca,Cundinamarca,0,0,0,0,0,0,0,0,0,2095,2277,4100,0,0,0,0,0,0
25286,Funza,Cundinamarca,0,0,0,0,0,0,0,0,0,855,1211,2182,0,0,0,0,0,0
25288,Fúquene,Cundinamarca,0,0,0,0,0,0,0,0,0,1380,1612,1813,0,0,0,0,0,0
25293,Gachala,Cundinamarca,5028,19820.25,1309,6485.12,98,30.34,6435,26335.7,1,1288,1504,2124,0,8,2477.53125,810.64,3.7925,3291.9625
25295,Gachancipá,Cundinamarca,0,0,0,0,0,0,0,0,0,625,0,2391,0,0,0,0,0,0
25299,Gama,Cundinamarca,0,0,0,0,0,0,0,0,0,1481,2169,4370,0,0,0,0,0,0
25312,Granada,Cundinamarca,0,0,0,0,0,0,0,0,0,0,0,0,0,0,0,0,0,0
25317,Guachetá,Cundinamarca,0,0,0,0,0,0,0,0,0,927,581,1161,0,0,0,0,0,0
25320,Guaduas,Cundinamarca,2224,4595.05,808,5191.71,310,70.29,3342,9857.03,1,1838,1911,4100,0,7,656.4357143,741.6728571,10.04142857,1408.147143
25324,Guataquí,Cundinamarca,0,0,0,0,0,0,0,0,0,1284,1477,2035,0,0,0,0,0,0
25328,Guayabal de Siquima,Cundinamarca,170,48.57,28,8.23,48,24.66,246,81.46,1,1153,1607,3003,0,1,48.57,8.23,24.66,81.46
25335,Guayabetal,Cundinamarca,0,0,0,0,0,0,0,0,0,0,0,0,0,0,0,0,0,0
25339,Gutiérrez,Cundinamarca,0,0,0,0,0,0,0,0,0,16303,15899,20804,20634,0,0,0,0,0
25368,Jerusalén,Cundinamarca,0,0,0,0,0,0,0,0,0,13723,13225,22901,20053,0,0,0,0,0
25372,Junín,Cundinamarca,0,0,0,0,0,0,0,0,0,9835,10840,9342,0,0,0,0,0,0
25402,La Vega,Cundinamarca,1095,162.72,245,62.21,139,58.07,1479,283,1,0,11865,16516,0,3,54.24,20.73666667,19.35666667,94.33333333
25407,Lenguazaque,Cundinamarca,0,0,0,0,0,0,0,0,0,28769,43451,47832,0,0,0,0,0,0
25426,Macheta,Cundinamarca,798,85.78,96,18.21,8,1.67,902,105.66,1,6305,6130,7522,0,1,85.78,18.21,1.67,105.66
25430,Madrid,Cundinamarca,0,0,0,0,0,0,0,0,0,5129,6968,9466,8802,0,0,0,0,0
25436,Manta,Cundinamarca,0,0,0,0,0,0,0,0,0,14159,7069,18996,0,0,0,0,0,0
25438,Medina,Cundinamarca,2807,23615.26,4773,19420.03,7,1.61,7587,43036.95,1,56326,82190,77973,176335,8,2951.9075,2427.50375,0.20125,5379.61875
25473,Mosquera,Cundinamarca,0,0,0,0,0,0,0,0,0,9731,7634,16154,17121,0,0,0,0,0
25483,Nariño,Cundinamarca,0,0,0,0,0,0,0,0,0,1871,2336,2217,3341,0,0,0,0,0
25486,Nemocón,Cundinamarca,0,0,0,0,0,0,0,0,0,7790,8570,11346,0,0,0,0,0,0
25488,Nilo,Cundinamarca,0,0,0,0,0,0,0,0,0,2649,2709,3553,3397,0,0,0,0,0
25489,Nimaima,Cundinamarca,0,0,0,0,0,0,0,0,0,6221,8575,11080,0,0,0,0,0,0
25491,Nocaima,Cundinamarca,1346,8235.55,360,7227.75,142,112.74,1848,15576.05,1,11213,11492,11131,16590,7,1176.507143,1032.535714,16.10571429,2225.15
25506,Venecia,Cundinamarca,0,0,0,0,0,0,0,0,0,0,0,0,0,0,0,0,0,0
25518,Paime,Cundinamarca,0,0,0,0,0,0,0,0,0,4200,4925,6335,9131,0,0,0,0,0
25524,Pandi,Cundinamarca,0,0,0,0,0,0,0,0,0,0,0,0,0,0,0,0,0,0
25530,Paratebueno,Cundinamarca,0,0,0,0,0,0,0,0,0,0,0,0,0,0,0,0,0,0
25535,Pasca,Cundinamarca,3074,4297.09,1455,2946.66,192,65.63,4721,7309.37,1,11275,16907,18263,19398,6,716.1816667,491.11,10.93833333,1218.228333
25572,Puerto Salgar,Cundinamarca,0,0,0,0,0,0,0,0,0,0,0,9109,17718,0,0,0,0,0
25580,Pulí,Cundinamarca,0,0,0,0,0,0,0,0,0,36613,9924,123895,0,0,0,0,0,0
25592,Quebradanegra,Cundinamarca,0,0,0,0,0,0,0,0,0,1498,2503,3963,0,0,0,0,0,0
25594,Quetame,Cundinamarca,0,0,0,0,0,0,0,0,0,7197,9747,11182,0,0,0,0,0,0
25596,Quipile,Cundinamarca,370,33.02,67,5.72,42,9.39,479,48.13,1,14079,18965,25369,23359,1,33.02,5.72,9.39,48.13
25599,Apulo,Cundinamarca,0,0,0,0,0,0,0,0,0,0,0,0,0,0,0,0,0,0
25612,Ricaurte,Cundinamarca,0,0,0,0,0,0,0,0,0,14562,16486,22941,22688,0,0,0,0,0
25645,San Antonio del Tequendama,Cundinamarca,0,0,0,0,0,0,0,0,0,4053,4084,4064,0,0,0,0,0,0
25649,San Bernardo,Cundinamarca,0,0,0,0,0,0,0,0,0,0,0,0,0,0,0,0,0,0
25653,San Cayetano,Cundinamarca,0,0,0,0,0,0,0,0,0,6550,7461,12771,14682,0,0,0,0,0
25658,San Francisco,Cundinamarca,2876,24353.54,1000,15428.66,338,180.19,4214,39962.38,1,7133,9390,14994,26595,7,3479.077143,2204.094286,25.74142857,5708.911429
25736,Sesquilé,Cundinamarca,0,0,0,0,0,0,0,0,0,10508,9747,17647,0,0,0,0,0,0
25740,Sibaté,Cundinamarca,0,0,0,0,0,0,0,0,0,0,0,0,0,0,0,0,0,0
25743,Silvania,Cundinamarca,0,0,0,0,0,0,0,0,0,0,0,3203,4859,0,0,0,0,0
25745,Simijaca,Cundinamarca,0,0,0,0,0,0,0,0,0,6073,5921,9678,10392,0,0,0,0,0
25769,Subachoque,Cundinamarca,2267,26260.74,706,16585.4,67,36.27,3040,42882.42,1,0,4297,5891,10041,7,3751.534286,2369.342857,5.181428571,6126.06
25772,Suesca,Cundinamarca,0,0,0,0,0,0,0,0,0,6601,8518,9933,11748,0,0,0,0,0
25777,Supatá,Cundinamarca,0,0,0,0,0,0,0,0,0,0,1920,0,6996,0,0,0,0,0
25779,Susa,Cundinamarca,0,0,0,0,0,0,0,0,0,6590,9246,0,5655,0,0,0,0,0
25781,Sutatausa,Cundinamarca,0,0,0,0,0,0,0,0,0,0,2439,3670,13312,0,0,0,0,0
25785,Tabio,Cundinamarca,0,0,0,0,0,0,0,0,0,0,2238,0,10315,0,0,0,0,0
25793,Tausa,Cundinamarca,0,0,0,0,0,0,0,0,0,0,0,584,2420,0,0,0,0,0
25797,Tena,Cundinamarca,0,0,0,0,0,0,0,0,0,3848,3050,5506,5680,0,0,0,0,0
25799,Tenjo,Cundinamarca,0,0,0,0,0,0,0,0,0,10310,11833,19408,20991,0,0,0,0,0
25805,Tibacuy,Cundinamarca,0,0,0,0,0,0,0,0,0,3569,4956,9451,11788,0,0,0,0,0
25807,Tibirita,Cundinamarca,0,0,0,0,0,0,0,0,0,3639,4546,8485,9860,0,0,0,0,0
25815,Tocaima,Cundinamarca,1658,2704.14,462,3149.78,68,32.89,2188,5886.81,1,2253,2722,6400,5344,6,450.69,524.9633333,5.481666667,981.135
25817,Tocancipá,Cundinamarca,0,0,0,0,0,0,0,0,0,4688,6597,11923,10242,0,0,0,0,0
25823,Topaipí,Cundinamarca,0,0,0,0,0,0,0,0,0,0,0,3960,3999,0,0,0,0,0
25839,Ubalá,Cundinamarca,0,0,0,0,0,0,0,0,0,3040,5684,8295,10554,0,0,0,0,0
25841,Ubaque,Cundinamarca,0,0,0,0,0,0,0,0,0,1601,2131,2665,4368,0,0,0,0,0
25851,Útica,Cundinamarca,751,1408.67,434,3343.84,34,78.81,1219,4831.32,1,578,413,931,299,6,234.7783333,557.3066667,13.135,805.22
25867,Vianí,Cundinamarca,0,0,0,0,0,0,0,0,0,3782,4215,6416,8062,0,0,0,0,0
25871,Villagómez,Cundinamarca,0,0,0,0,0,0,0,0,0,0,0,0,0,0,0,0,0,0
25873,Villapinzón,Cundinamarca,0,0,0,0,0,0,0,0,0,1829,4204,7377,9913,0,0,0,0,0
25878,Viotá,Cundinamarca,3299,9526.54,512,4235.48,567,97.08,4378,13859.1,1,1395,2268,3947,4822,7,1360.934286,605.0685714,13.86857143,1979.871429
25885,Yacopí,Cundinamarca,0,0,0,0,0,0,0,0,0,3459,1404,5701,4617,0,0,0,0,0
25898,Zipacón,Cundinamarca,0,0,0,0,0,0,0,0,0,4105,6378,12128,15652,0,0,0,0,0
27001,Quibdó,Chocó,3251,1793.23,228,980.05,0,0,3479,2773.3,1,0,0,0,0,9,199.2477778,108.8944444,0,308.1444444
27006,Acandí,Chocó,0,0,0,0,0,0,0,0,0,0,3693,4541,5380,0,0,0,0,0
27025,Alto Baudo,Chocó,0,0,0,0,0,0,0,0,0,0,0,0,0,0,0,0,0,0
27050,Atrato,Chocó,0,0,0,0,0,0,0,0,0,0,0,0,0,0,0,0,0,0
27073,Bagadó,Chocó,0,0,0,0,0,0,0,0,0,4411,6324,6665,14230,0,0,0,0,0
27075,Bahía Solano,Chocó,0,0,0,0,0,0,0,0,0,0,9365,8477,6457,0,0,0,0,0
27077,Bajo Baudó,Chocó,0,0,0,0,0,0,0,0,0,0,0,0,0,0,0,0,0,0
27099,Bojaya,Chocó,0,0,0,0,0,0,0,0,0,0,0,0,0,0,0,0,0,0
27135,El Cantón del San Pablo,Chocó,0,0,0,0,0,0,0,0,0,0,0,0,0,0,0,0,0,0
27150,Carmen del Darien,Chocó,0,0,0,0,0,0,0,0,0,0,0,98271,151548,0,0,0,0,0
27160,Cértegui,Chocó,0,0,0,0,0,0,0,0,0,0,0,0,0,0,0,0,0,0
27205,Condoto,Chocó,0,0,0,0,0,0,0,0,0,1537,2114,2087,4501,0,0,0,0,0
27245,El Carmen de Atrato,Chocó,826,3307.79,467,2218.38,117,50.04,1410,5576.19,1,1087,1131,3772,6287,6,551.2983333,369.73,8.34,929.365
27250,El Litoral del San Juan,Chocó,0,0,0,0,0,0,0,0,0,0,0,0,0,0,0,0,0,0
27361,Istmina,Chocó,0,0,0,0,0,0,0,0,0,0,0,0,0,0,0,0,0,0
27372,Juradó,Chocó,0,0,0,0,0,0,0,0,0,2234,2187,2660,3751,0,0,0,0,0
27413,Lloró,Chocó,0,0,0,0,0,0,0,0,0,0,0,0,0,0,0,0,0,0
27425,Medio Atrato,Chocó,0,0,0,0,0,0,0,0,0,0,0,0,0,0,0,0,0,0
27430,Medio Baudó,Chocó,0,0,0,0,0,0,0,0,0,0,0,0,0,0,0,0,0,0
27450,Medio San Juan,Chocó,0,0,0,0,0,0,0,0,0,0,0,0,0,0,0,0,0,0
27491,Nóvita,Chocó,0,0,0,0,0,0,0,0,0,0,9742,11977,12947,0,0,0,0,0
27495,Nuquí,Chocó,0,0,0,0,0,0,0,0,0,0,9598,11225,15604,0,0,0,0,0
27580,Río Iro,Chocó,0,0,0,0,0,0,0,0,0,0,0,0,0,0,0,0,0,0
27600,Río Quito,Chocó,0,0,0,0,0,0,0,0,0,0,0,0,0,0,0,0,0,0
27615,Riosucio(2),Chocó,0,0,0,0,0,0,0,0,0,0,2897,4789,6271,0,0,0,0,0
27660,San José del Palmar,Chocó,0,0,0,0,0,0,0,0,0,0,14739,32513,41773,0,0,0,0,0
27745,Sipí,Chocó,0,0,0,0,0,0,0,0,0,691,1022,1485,3357,0,0,0,0,0
27787,Tadó,Chocó,0,0,0,0,0,0,0,0,0,7947,9896,11963,22119,0,0,0,0,0
27800,Unguía,Chocó,0,0,0,0,0,0,0,0,0,0,5625,7584,9568,0,0,0,0,0
27810,Unión Panamericana,Chocó,0,0,0,0,0,0,0,0,0,0,0,0,0,0,0,0,0,0
41013,Agrado,Huila,0,0,0,0,0,0,0,0,0,7052,8827,15145,17253,0,0,0,0,0
41016,Aipe,Huila,0,0,0,0,0,0,0,0,0,4439,5343,6587,8849,0,0,0,0,0
41020,Algeciras,Huila,1009,164.41,665,168.77,79,33.88,1753,367.07,1,0,5370,6887,11352,3,54.80333333,56.25666667,11.29333333,122.3566667
41026,Altamira,Huila,0,0,0,0,0,0,0,0,0,1142,982,4347,3572,0,0,0,0,0
41132,Campoalegre,Huila,570,64.13,299,60.08,89,8.78,958,132.99,1,0,1287,2959,6693,2,32.065,30.04,4.39,66.495
41206,Colombia,Huila,0,0,0,0,0,0,0,0,0,1630,1249,2283,3550,0,0,0,0,0
41244,Elías,Huila,0,0,0,0,0,0,0,0,0,0,5684,6971,9580,0,0,0,0,0
41306,Gigante,Huila,2445,2633.17,1415,4289.61,181,43.63,4041,6966.39,1,1195,1092,2301,0,6,438.8616667,714.935,7.271666667,1161.065
41319,Guadalupe,Huila,985,98.3,718,177.52,47,21.07,1750,296.89,1,0,753,1204,2273,3,32.76666667,59.17333333,7.023333333,98.96333333
41349,Hobo,Huila,0,0,0,0,0,0,0,0,0,0,1207,4103,6904,0,0,0,0,0
41357,Iquira,Huila,0,0,0,0,0,0,0,0,0,0,2802,3343,3267,0,0,0,0,0
41359,Isnos,Huila,193,45.25,86,22.84,1,0.53,280,68.62,1,0,0,0,0,1,45.25,22.84,0.53,68.62
41378,La Argentina,Huila,0,0,0,0,0,0,0,0,0,0,2074,1955,2664,0,0,0,0,0
41483,Nátaga,Huila,0,0,0,0,0,0,0,0,0,0,0,8457,9190,0,0,0,0,0
41503,Oporapa,Huila,0,0,0,0,0,0,0,0,0,0,0,14704,18201,0,0,0,0,0
41518,Paicol,Huila,0,0,0,0,0,0,0,0,0,0,3124,6427,11611,0,0,0,0,0
41530,Palestina,Huila,0,0,0,0,0,0,0,0,0,0,0,0,0,0,0,0,0,0
41548,Pital,Huila,0,0,0,0,0,0,0,0,0,0,0,825,929,0,0,0,0,0
41615,Rivera,Huila,0,0,0,0,0,0,0,0,0,0,3618,3489,5817,0,0,0,0,0
41660,Saladoblanco,Huila,0,0,0,0,0,0,0,0,0,0,6509,5126,11397,0,0,0,0,0
41676,Santa María,Huila,0,0,0,0,0,0,0,0,0,0,7780,11071,12938,0,0,0,0,0
41770,Suaza,Huila,0,0,0,0,0,0,0,0,0,0,726,3020,4283,0,0,0,0,0
41791,Tarqui,Huila,472,51.74,162,30.99,6,1.97,640,84.69,1,0,4755,4514,7514,1,51.74,30.99,1.97,84.69
41797,Tesalia,Huila,1991,13784.94,1556,25437.4,39,38.7,3586,39261.05,1,0,2554,4773,7042,9,1531.66,2826.377778,4.3,4362.338889
41799,Tello,Huila,564,103.42,662,114.29,59,24.2,1285,241.91,1,0,1662,4263,3930,2,51.71,57.145,12.1,120.955
41801,Teruel,Huila,213,61.56,88,37.08,22,9.64,323,108.28,1,0,1602,4263,9946,1,61.56,37.08,9.64,108.28
41807,Timaná,Huila,3721,11903.45,1193,8549.15,40,17.63,4954,20470.23,1,7084,8918,18798,28812,7,1700.492857,1221.307143,2.518571429,2924.318571
41872,Villavieja,Huila,0,0,0,0,0,0,0,0,0,0,1071,2186,4067,0,0,0,0,0
44035,Albania,La Guajira,0,0,0,0,0,0,0,0,0,0,0,0,0,0,0,0,0,0
44078,Barrancas,La Guajira,826,302.5,440,300.16,61,40.05,1327,642.71,1,0,3641,2856,4483,3,100.8333333,100.0533333,13.35,214.2366667
44090,Dibulla,La Guajira,0,0,0,0,0,0,0,0,0,0,0,0,0,0,0,0,0,0
44098,Distracción,La Guajira,0,0,0,0,0,0,0,0,0,0,5058,9764,0,0,0,0,0,0
44110,El Molino,La Guajira,0,0,0,0,0,0,0,0,0,0,0,0,0,0,0,0,0,0
44279,Fonseca,La Guajira,857,231.98,454,220.7,52,18.75,1363,471.43,1,0,1681,1703,2382,3,77.32666667,73.56666667,6.25,157.1433333
44378,Hatonuevo,La Guajira,0,0,0,0,0,0,0,0,0,0,5691,8951,7452,0,0,0,0,0
44420,La Jagua del Pilar,La Guajira,0,0,0,0,0,0,0,0,0,0,0,0,0,0,0,0,0,0
44430,Maicao,La Guajira,0,0,0,0,0,0,0,0,0,0,0,0,0,0,0,0,0,0
44560,Manaure,La Guajira,0,0,0,0,0,0,0,0,0,0,0,0,0,0,0,0,0,0
44847,Uribia,La Guajira,0,0,0,0,0,0,0,0,0,0,0,0,0,0,0,0,0,0
44855,Urumita,La Guajira,0,0,0,0,0,0,0,0,0,0,0,0,0,0,0,0,0,0
47030,Algarrobo,Magdalena,0,0,0,0,0,0,0,0,0,0,0,0,0,0,0,0,0,0
47053,Aracataca,Magdalena,0,0,0,0,0,0,0,0,0,0,0,0,0,0,0,0,0,0
47058,Ariguaní,Magdalena,0,0,0,0,0,0,0,0,0,0,0,0,0,0,0,0,0,0
47161,Cerro San Antonio,Magdalena,0,0,0,0,0,0,0,0,0,2255,2363,3729,3974,0,0,0,0,0
47170,Chivolo,Magdalena,0,0,0,0,0,0,0,0,0,5989,0,14432,19332,0,0,0,0,0
47189,Ciénaga,Magdalena,2172,1532.64,1037,2579.68,37,2.52,3246,4114.85,1,0,5322,5036,8296,7,218.9485714,368.5257143,0.36,587.8357143
47205,Concordia,Magdalena,0,0,0,0,0,0,0,0,0,0,5914,4880,8427,0,0,0,0,0
47258,El Piñon,Magdalena,0,0,0,0,0,0,0,0,0,8447,8794,12264,12371,0,0,0,0,0
47268,El Retén,Magdalena,0,0,0,0,0,0,0,0,0,0,0,0,0,0,0,0,0,0
47318,Guamal,Magdalena,1227,117.07,1299,214.4,59,9.97,2585,341.44,1,3485,4134,5854,5649,3,39.02333333,71.46666667,3.323333333,113.8133333
47460,Nueva Granada,Magdalena,0,0,0,0,0,0,0,0,0,0,0,0,0,0,0,0,0,0
47541,Pedraza,Magdalena,0,0,0,0,0,0,0,0,0,6300,0,10760,14193,0,0,0,0,0
47545,Pijiño del Carmen,Magdalena,0,0,0,0,0,0,0,0,0,68432,0,428963,717430,0,0,0,0,0
47551,Pivijay,Magdalena,1371,119.84,819,228.5,39,5,2229,353.34,1,655,687,848,1559,3,39.94666667,76.16666667,1.666666667,117.78
47570,Puebloviejo,Magdalena,0,0,0,0,0,0,0,0,0,1555,1394,2144,2257,0,0,0,0,0
47605,Remolino,Magdalena,0,0,0,0,0,0,0,0,0,220728,431654,0,0,0,0,0,0,0
47660,Sabanas de San Angel,Magdalena,0,0,0,0,0,0,0,0,0,0,0,0,0,0,0,0,0,0
47675,Salamina,Magdalena,0,0,0,0,0,0,0,0,0,799,848,1548,1838,0,0,0,0,0
47692,San Sebastián de Buenavista,Magdalena,0,0,0,0,0,0,0,0,0,17456,0,47666,61564,0,0,0,0,0
47703,San Zenón,Magdalena,0,0,0,0,0,0,0,0,0,9349,0,46799,79432,0,0,0,0,0
47707,Santa Ana,Magdalena,493,65.05,382,142.16,1,0.55,876,207.76,1,5802,0,12827,12755,1,65.05,142.16,0.55,207.76
47720,Santa Bárbara de Pinto,Magdalena,0,0,0,0,0,0,0,0,0,0,0,0,0,0,0,0,0,0
47745,Sitionuevo,Magdalena,0,0,0,0,0,0,0,0,0,2728,3269,6016,8891,0,0,0,0,0
47798,Tenerife,Magdalena,0,0,0,0,0,0,0,0,0,30841,0,70874,81001,0,0,0,0,0
47960,Zapayán,Magdalena,0,0,0,0,0,0,0,0,0,0,0,0,0,0,0,0,0,0
47980,Zona Bananera,Magdalena,0,0,0,0,0,0,0,0,0,0,2179,1784,2855,0,0,0,0,0
50006,Acacías,Meta,908,1223.72,1480,2141.46,153,314.88,2541,3680.06,1,0,0,0,0,3,407.9066667,713.82,104.96,1226.686667
50110,Barranca de Upía,Meta,0,0,0,0,0,0,0,0,0,0,0,0,0,0,0,0,0,0
50124,Cabuyaro,Meta,0,0,0,0,0,0,0,0,0,3487,3156,10796,14507,0,0,0,0,0
50150,Castilla la Nueva,Meta,0,0,0,0,0,0,0,0,0,0,0,0,0,0,0,0,0,0
50223,Cubarral,Meta,0,0,0,0,0,0,0,0,0,0,0,0,0,0,0,0,0,0
50226,Cumaral,Meta,382,193.72,326,197.83,7,4.39,715,395.94,1,6868,0,13821,20517,1,193.72,197.83,4.39,395.94
50245,El Calvario,Meta,0,0,0,0,0,0,0,0,0,6461,0,13308,16686,0,0,0,0,0
50251,El Castillo,Meta,0,0,0,0,0,0,0,0,0,0,0,0,0,0,0,0,0,0
50270,El Dorado,Meta,0,0,0,0,0,0,0,0,0,0,0,0,0,0,0,0,0,0
50287,Fuente de Oro,Meta,127,96.6,237,457.46,73,92.7,437,646.76,1,0,0,0,0,1,96.6,457.46,92.7,646.76
50313,Granada,Meta,984,323.22,2043,625.78,58,47.67,3085,996.66,1,0,0,0,0,4,80.805,156.445,11.9175,249.165
50318,Guamal,Meta,2836,104654.59,7675,181877.64,248,590.58,10759,287122.8,1,0,0,0,0,7,14950.65571,25982.52,84.36857143,41017.54286
50325,Mapiripán,Meta,0,0,0,0,0,0,0,0,0,0,0,0,0,0,0,0,0,0
50330,Mesetas,Meta,0,0,0,0,0,0,0,0,0,0,0,0,0,0,0,0,0,0
50350,La Macarena,Meta,0,0,0,0,0,0,0,0,0,0,0,0,0,0,0,0,0,0
50370,Uribe,Meta,0,0,0,0,0,0,0,0,0,0,0,0,0,0,0,0,0,0
50400,Lejanías,Meta,0,0,0,0,0,0,0,0,0,0,0,0,0,0,0,0,0,0
50450,Puerto Concordia,Meta,0,0,0,0,0,0,0,0,0,0,0,0,0,0,0,0,0,0
50568,Puerto Gaitán,Meta,0,0,0,0,0,0,0,0,0,0,0,0,0,0,0,0,0,0
50573,Puerto López,Meta,2397,67797.51,1628,53687.49,1,0.58,4026,121485.59,1,0,0,0,0,7,9685.358571,7669.641429,0.082857143,17355.08429
50577,Puerto Lleras,Meta,0,0,0,0,0,0,0,0,0,0,0,0,0,0,0,0,0,0
50590,Puerto Rico,Meta,0,0,0,0,0,0,0,0,0,0,0,0,0,0,0,0,0,0
50606,Restrepo,Meta,3624,19001.26,7874,46926.16,86,41.35,11584,65968.77,1,4488,0,11976,21309,7,2714.465714,6703.737143,5.907142857,9424.11
50680,San Carlos de Guaroa,Meta,0,0,0,0,0,0,0,0,0,0,0,0,0,0,0,0,0,0
50683,San Juan de Arama,Meta,0,0,0,0,0,0,0,0,0,0,0,0,0,0,0,0,0,0
50686,San Juanito,Meta,0,0,0,0,0,0,0,0,0,5764,0,11884,19509,0,0,0,0,0
50689,San Martín,Meta,1699,47932.75,7844,84699.57,65,59.85,9608,132692.16,1,0,0,0,0,7,6847.535714,12099.93857,8.55,18956.02286
50711,Vistahermosa,Meta,0,0,0,0,0,0,0,0,0,0,0,0,0,0,0,0,0,0
52019,Albán,Nariño,0,0,0,0,0,0,0,0,0,4138,0,14173,19530,0,0,0,0,0
52022,Aldana,Nariño,0,0,0,0,0,0,0,0,0,9134,6488,8816,9800,0,0,0,0,0
52036,Ancuyá,Nariño,0,0,0,0,0,0,0,0,0,1525,2067,2824,3439,0,0,0,0,0
52051,Arboleda,Nariño,0,0,0,0,0,0,0,0,0,0,0,9612,11125,0,0,0,0,0
52079,Barbacoas,Nariño,0,0,0,0,0,0,0,0,0,4257,5377,9858,15293,0,0,0,0,0
52083,Belén,Nariño,0,0,0,0,0,0,0,0,0,0,0,0,0,0,0,0,0,0
52110,Buesaco,Nariño,0,0,0,0,0,0,0,0,0,2789,3434,5121,5679,0,0,0,0,0
52203,Colón,Nariño,0,0,0,0,0,0,0,0,0,0,0,0,0,0,0,0,0,0
52207,Consaca,Nariño,0,0,0,0,0,0,0,0,0,3986,5345,7880,7640,0,0,0,0,0
52210,Contadero,Nariño,4395,24907.85,1085,9601.44,96,86.61,5576,34595.9,1,3644,4417,7302,8503,7,3558.264286,1371.634286,12.37285714,4942.271429
52215,Córdoba,Nariño,0,0,0,0,0,0,0,0,0,2267,3060,4866,5795,0,0,0,0,0
52224,Cuaspud,Nariño,0,0,0,0,0,0,0,0,0,936,1364,2426,3355,0,0,0,0,0
52227,Cumbal,Nariño,0,0,0,0,0,0,0,0,0,1882,1860,2400,2984,0,0,0,0,0
52233,Cumbitara,Nariño,0,0,0,0,0,0,0,0,0,0,0,0,0,0,0,0,0,0
52240,Chachagüí,Nariño,0,0,0,0,0,0,0,0,0,0,0,0,0,0,0,0,0,0
52250,El Charco,Nariño,0,0,0,0,0,0,0,0,0,8542,0,19798,27608,0,0,0,0,0
52254,El Peñol,Nariño,0,0,0,0,0,0,0,0,0,24648,0,87678,126183,0,0,0,0,0
52256,El Rosario,Nariño,0,0,0,0,0,0,0,0,0,0,0,0,0,0,0,0,0,0
52258,El Tablón de Gómez,Nariño,0,0,0,0,0,0,0,0,0,3089,2603,4573,5106,0,0,0,0,0
52260,El Tambo,Nariño,773,41.45,774,68.73,64,9.67,1611,119.85,1,0,0,0,0,2,20.725,34.365,4.835,59.925
52287,Funes,Nariño,0,0,0,0,0,0,0,0,0,3009,4842,7632,9041,0,0,0,0,0
52317,Guachucal,Nariño,0,0,0,0,0,0,0,0,0,2416,2629,4105,4281,0,0,0,0,0
52320,Guaitarilla,Nariño,832,77.84,197,14.53,9,2.73,1038,95.1,1,7070,10024,15917,24819,1,77.84,14.53,2.73,95.1
52323,Gualmatán,Nariño,0,0,0,0,0,0,0,0,0,4171,5048,7033,8087,0,0,0,0,0
52352,Iles,Nariño,0,0,0,0,0,0,0,0,0,2575,3112,4265,4295,0,0,0,0,0
52354,Imués,Nariño,0,0,0,0,0,0,0,0,0,1730,2989,6819,12916,0,0,0,0,0
52381,La Florida,Nariño,0,0,0,0,0,0,0,0,0,3114,3143,4766,4957,0,0,0,0,0
52385,La Llanada,Nariño,0,0,0,0,0,0,0,0,0,0,0,0,0,0,0,0,0,0
52390,La Tola,Nariño,0,0,0,0,0,0,0,0,0,0,0,0,0,0,0,0,0,0
52405,Leiva,Nariño,0,0,0,0,0,0,0,0,0,0,0,0,0,0,0,0,0,0
52411,Linares,Nariño,0,0,0,0,0,0,0,0,0,8480,7189,9032,9270,0,0,0,0,0
52418,Los Andes,Nariño,0,0,0,0,0,0,0,0,0,0,0,0,0,0,0,0,0,0
52427,Magüi,Nariño,0,0,0,0,0,0,0,0,0,2463,2730,3210,3536,0,0,0,0,0
52435,Mallama,Nariño,0,0,0,0,0,0,0,0,0,12928,21321,42968,44771,0,0,0,0,0
52473,Mosquera,Nariño,0,0,0,0,0,0,0,0,0,4489,0,5505,6541,0,0,0,0,0
52480,Nariño,Nariño,0,0,0,0,0,0,0,0,0,0,0,0,0,0,0,0,0,0
52490,Olaya Herrera,Nariño,0,0,0,0,0,0,0,0,0,5224,0,10673,14483,0,0,0,0,0
52506,Ospina,Nariño,0,0,0,0,0,0,0,0,0,2386,2706,4239,4841,0,0,0,0,0
52520,Francisco Pizarro,Nariño,0,0,0,0,0,0,0,0,0,16455,0,25197,44677,0,0,0,0,0
52540,Policarpa,Nariño,0,0,0,0,0,0,0,0,0,0,0,0,0,0,0,0,0,0
52560,Potosí,Nariño,0,0,0,0,0,0,0,0,0,4219,5877,8828,10655,0,0,0,0,0
52565,Providencia,Nariño,0,0,0,0,0,0,0,0,0,6906,0,15028,17747,0,0,0,0,0
52573,Puerres,Nariño,0,0,0,0,0,0,0,0,0,2615,2763,4277,4883,0,0,0,0,0
52585,Pupiales,Nariño,0,0,0,0,0,0,0,0,0,772,827,1168,1277,0,0,0,0,0
52612,Ricaurte,Nariño,0,0,0,0,0,0,0,0,0,3685,2665,3102,3207,0,0,0,0,0
52621,Roberto Payán,Nariño,0,0,0,0,0,0,0,0,0,2610,1460,2150,2709,0,0,0,0,0
52685,San Bernardo,Nariño,0,0,0,0,0,0,0,0,0,10292,0,18280,22022,0,0,0,0,0
52687,San Lorenzo,Nariño,301,19.52,212,25.77,23,4.56,536,49.86,1,5642,6450,9726,7308,1,19.52,25.77,4.56,49.86
52693,San Pablo,Nariño,0,0,0,0,0,0,0,0,0,2783,3808,6581,8638,0,0,0,0,0
52694,San Pedro de Cartago,Nariño,0,0,0,0,0,0,0,0,0,8429,0,13648,15948,0,0,0,0,0
52696,Santa Bárbara,Nariño,0,0,0,0,0,0,0,0,0,2655,0,4491,6317,0,0,0,0,0
52699,Santacruz,Nariño,0,0,0,0,0,0,0,0,0,4583,5273,8775,8645,0,0,0,0,0
52720,Sapuyes,Nariño,0,0,0,0,0,0,0,0,0,6552,4467,10894,11469,0,0,0,0,0
52786,Taminango,Nariño,0,0,0,0,0,0,0,0,0,4245,2110,3016,2912,0,0,0,0,0
52788,Tangua,Nariño,0,0,0,0,0,0,0,0,0,2500,3223,4705,4662,0,0,0,0,0
52835,San Andres de Tumaco,Nariño,4240,28.8,945,28.33,11,0.45,5196,57.59,1,5621,0,12809,9341,5,5.76,5.666,0.09,11.518
52885,Yacuanquer,Nariño,0,0,0,0,0,0,0,0,0,1998,2444,3249,4169,0,0,0,0,0
54003,Abrego,Norte de Santander,0,0,0,0,0,0,0,0,0,7033,3.532,5553,4927,0,0,0,0,0
54051,Arboledas,Norte de Santander,3244,8089.3,596,1468.44,204,27.13,4044,9584.89,1,2587,3306,12551,13057,8,1011.1625,183.555,3.39125,1198.11125
54099,Bochalema,Norte de Santander,0,0,0,0,0,0,0,0,0,3644,4056,4501,4543,0,0,0,0,0
54109,Bucarasica,Norte de Santander,0,0,0,0,0,0,0,0,0,0,0,0,0,0,0,0,0,0
54125,Cácota,Norte de Santander,0,0,0,0,0,0,0,0,0,1119,2068,6062,8881,0,0,0,0,0
54174,Chitagá,Norte de Santander,462,66.94,81,21.46,10,1.44,553,89.85,1,2119,2412,3555,4392,1,66.94,21.46,1.44,89.85
54206,Convención,Norte de Santander,3833,16776.93,1742,30653.81,246,60.34,5821,47491.08,1,1026,1506,5355,2784,8,2097.11625,3831.72625,7.5425,5936.385
54223,Cucutilla,Norte de Santander,0,0,0,0,0,0,0,0,0,857,1130,2051,2277,0,0,0,0,0
54239,Durania,Norte de Santander,2494,14036.21,434,1619.56,140,47.07,3068,15702.85,1,3584,2356,3862,3548,6,2339.368333,269.9266667,7.845,2617.141667
54245,El Carmen,Norte de Santander,0,0,0,0,0,0,0,0,0,8722,10105,16057,11655,0,0,0,0,0
54250,El Tarra,Norte de Santander,0,0,0,0,0,0,0,0,0,5645,0,16480,22502,0,0,0,0,0
54261,El Zulia,Norte de Santander,0,0,0,0,0,0,0,0,0,0,0,0,0,0,0,0,0,0
54313,Gramalote,Norte de Santander,3499,9582.66,1206,5937.71,211,70.34,4916,15590.7,1,7724,0,7098,7204,8,1197.8325,742.21375,8.7925,1948.8375
54344,Hacarí,Norte de Santander,0,0,0,0,0,0,0,0,0,1063,1654,4041,3070,0,0,0,0,0
54347,Herrán,Norte de Santander,0,0,0,0,0,0,0,0,0,6549,4950,11875,13932,0,0,0,0,0
54377,Labateca,Norte de Santander,0,0,0,0,0,0,0,0,0,2192,4019,5880,6784,0,0,0,0,0
54385,La Esperanza,Norte de Santander,0,0,0,0,0,0,0,0,0,0,0,0,0,0,0,0,0,0
54398,La Playa,Norte de Santander,0,0,0,0,0,0,0,0,0,6890,0,12263,11660,0,0,0,0,0
54405,Los Patios,Norte de Santander,0,0,0,0,0,0,0,0,0,0,0,0,0,0,0,0,0,0
54418,Lourdes,Norte de Santander,0,0,0,0,0,0,0,0,0,2626,0,10161,11041,0,0,0,0,0
54480,Mutiscua,Norte de Santander,0,0,0,0,0,0,0,0,0,1187,1486,2134,2401,0,0,0,0,0
54520,Pamplonita,Norte de Santander,0,0,0,0,0,0,0,0,0,2483,3143,4181,6103,0,0,0,0,0
54553,Puerto Santander,Norte de Santander,0,0,0,0,0,0,0,0,0,0,0,0,0,0,0,0,0,0
54599,Ragonvalia,Norte de Santander,0,0,0,0,0,0,0,0,0,2985,3422,5864,6024,0,0,0,0,0
54670,San Calixto,Norte de Santander,0,0,0,0,0,0,0,0,0,0,0,0,0,0,0,0,0,0
54673,San Cayetano,Norte de Santander,0,0,0,0,0,0,0,0,0,2191,3232,5238,5057,0,0,0,0,0
54680,Santiago,Norte de Santander,0,0,0,0,0,0,0,0,0,1723,1874,3497,4058,0,0,0,0,0
54743,Silos,Norte de Santander,0,0,0,0,0,0,0,0,0,3734,3739,6023,6555,0,0,0,0,0
54800,Teorama,Norte de Santander,0,0,0,0,0,0,0,0,0,2475,3206,3212,3460,0,0,0,0,0
54810,Tibú,Norte de Santander,0,0,0,0,0,0,0,0,0,0,0,0,0,0,0,0,0,0
54871,Villa Caro,Norte de Santander,0,0,0,0,0,0,0,0,0,0,0,0,0,0,0,0,0,0
54874,Villa del Rosario,Norte de Santander,0,0,0,0,0,0,0,0,0,0,0,0,0,0,0,0,0,0
63111,Buenavista,Quindio,0,0,0,0,0,0,0,0,0,0,0,0,0,0,0,0,0,0
63190,Circasia,Quindio,0,0,0,0,0,0,0,0,0,2006,2352,3436,4183,0,0,0,0,0
63212,Córdoba,Quindio,0,0,0,0,0,0,0,0,0,0,0,0,0,0,0,0,0,0
63302,Génova,Quindio,456,278.19,207,206.46,24,54.34,687,538.99,1,0,0,0,0,3,92.73,68.82,18.11333333,179.6633333
63401,La Tebaida,Quindio,0,0,0,0,0,0,0,0,0,0,0,0,0,0,0,0,0,0
63470,Montenegro,Quindio,212,20.51,103,16.7,50,13.74,365,50.94,1,6842,9722,19406,35843,1,20.51,16.7,13.74,50.94
63594,Quimbaya,Quindio,1697,4071.44,599,3015.42,178,51.03,2474,7137.89,1,0,0,0,0,6,678.5733333,502.57,8.505,1189.648333
63690,Salento,Quindio,0,0,0,0,0,0,0,0,0,1754,1522,2581,4080,0,0,0,0,0
66075,Balboa,Risaralda,0,0,0,0,0,0,0,0,0,0,0,0,0,0,0,0,0,0
66088,Belén de Umbría,Risaralda,2003,4587.48,923,3226.79,166,38.92,3092,7853.19,1,2600,3217,4851,4791,7,655.3542857,460.97,5.56,1121.884286
66170,Dosquebradas,Risaralda,0,0,0,0,0,0,0,0,0,0,0,0,0,0,0,0,0,0
66318,Guática,Risaralda,0,0,0,0,0,0,0,0,0,0,0,0,0,0,0,0,0,0
66383,La Celia,Risaralda,0,0,0,0,0,0,0,0,0,0,0,0,0,0,0,0,0,0
66400,La Virginia,Risaralda,189,38.6,83,16.37,3,1.25,275,56.22,1,603,0,1349,940,1,38.6,16.37,1.25,56.22
66456,Mistrató,Risaralda,0,0,0,0,0,0,0,0,0,701,0,2026,1580,0,0,0,0,0
66572,Pueblo Rico,Risaralda,0,0,0,0,0,0,0,0,0,3445,2132,3265,3483,0,0,0,0,0
66594,Quinchía,Risaralda,1772,43.42,243,14.71,43,13.42,2058,71.54,1,736,877,1315,1484,4,10.855,3.6775,3.355,17.885
68013,Aguada,Santander,0,0,0,0,0,0,0,0,0,1303,1268,1888,2636,0,0,0,0,0
68020,Albania,Santander,0,0,0,0,0,0,0,0,0,0,0,0,0,0,0,0,0,0
68051,Aratoca,Santander,0,0,0,0,0,0,0,0,0,0,0,0,0,0,0,0,0,0
68077,Barbosa,Santander,0,0,0,0,0,0,0,0,0,1314,1378,2389,2330,0,0,0,0,0
68079,Barichara,Santander,1931,2883.49,451,788.32,143,65.24,2525,3737.03,1,0,0,0,0,6,480.5816667,131.3866667,10.87333333,622.8383333
68081,Barrancabermeja,Santander,1927,3531.45,1484,20441.63,11,4,3422,23977.09,1,0,0,0,0,8,441.43125,2555.20375,0.5,2997.13625
68092,Betulia,Santander,0,0,0,0,0,0,0,0,0,2244,1217,3617,4560,0,0,0,0,0
68101,Bolívar,Santander,667,37.31,346,20.82,9,0.91,1022,59.05,1,1180,1263,2310,2795,1,37.31,20.82,0.91,59.05
68121,Cabrera,Santander,0,0,0,0,0,0,0,0,0,1923,2066,2490,3193,0,0,0,0,0
68132,California,Santander,0,0,0,0,0,0,0,0,0,0,0,0,0,0,0,0,0,0
68147,Capitanejo,Santander,0,0,0,0,0,0,0,0,0,5445,6463,4901,9663,0,0,0,0,0
68152,Carcasí,Santander,0,0,0,0,0,0,0,0,0,895,1018,1929,3144,0,0,0,0,0
68160,Cepitá,Santander,0,0,0,0,0,0,0,0,0,3643,4842,7892,7548,0,0,0,0,0
68162,Cerrito,Santander,0,0,0,0,0,0,0,0,0,1998,2833,4282,5098,0,0,0,0,0
68169,Charta,Santander,0,0,0,0,0,0,0,0,0,0,0,0,0,0,0,0,0,0
68176,Chima,Santander,0,0,0,0,0,0,0,0,0,3256,2784,4333,4357,0,0,0,0,0
68179,Chipatá,Santander,0,0,0,0,0,0,0,0,0,1353,1465,2351,3077,0,0,0,0,0
68190,Cimitarra,Santander,1304,1178.85,1651,4309.45,132,52.67,3087,5540.97,1,0,0,0,0,6,196.475,718.2416667,8.778333333,923.495
68207,Concepción,Santander,3175,287.52,608,145.25,105,65.3,3888,498.07,1,2621,3367,5214,5650,3,95.84,48.41666667,21.76666667,166.0233333
68209,Confines,Santander,0,0,0,0,0,0,0,0,0,2152,2472,2720,2489,0,0,0,0,0
68211,Contratación,Santander,0,0,0,0,0,0,0,0,0,4806,0,8429,7466,0,0,0,0,0
68217,Coromoro,Santander,0,0,0,0,0,0,0,0,0,2713,3375,6017,7429,0,0,0,0,0
68229,Curití,Santander,0,0,0,0,0,0,0,0,0,0,4221,6591,8221,0,0,0,0,0
68235,El Carmen de Chucurí,Santander,0,0,0,0,0,0,0,0,0,0,0,0,0,0,0,0,0,0
68245,El Guacamayo,Santander,0,0,0,0,0,0,0,0,0,0,0,0,0,0,0,0,0,0
68250,El Peñón,Santander,0,0,0,0,0,0,0,0,0,0,0,0,0,0,0,0,0,0
68255,El Playón,Santander,0,0,0,0,0,0,0,0,0,0,0,0,0,0,0,0,0,0
68264,Encino,Santander,0,0,0,0,0,0,0,0,0,2722,4941,6274,7406,0,0,0,0,0
68266,Enciso,Santander,0,0,0,0,0,0,0,0,0,2257,372,4725,10127,0,0,0,0,0
68271,Florián,Santander,0,0,0,0,0,0,0,0,0,0,0,0,0,0,0,0,0,0
68276,Floridablanca,Santander,0,0,0,0,0,0,0,0,0,0,1504,2165,2387,0,0,0,0,0
68296,Galán,Santander,0,0,0,0,0,0,0,0,0,6643,11622,17526,29564,0,0,0,0,0
68298,Gambita,Santander,1986,4202.46,1367,6268.38,9,11.18,3362,10482.03,1,0,0,0,0,6,700.41,1044.73,1.863333333,1747.005
68307,Girón,Santander,0,0,0,0,0,0,0,0,0,0,0,0,0,0,0,0,0,0
68318,Guaca,Santander,0,0,0,0,0,0,0,0,0,0,0,0,0,0,0,0,0,0
68320,Guadalupe,Santander,0,0,0,0,0,0,0,0,0,1869,1.758,2346,2774,0,0,0,0,0
68322,Guapotá,Santander,0,0,0,0,0,0,0,0,0,2300,2271,3054,4319,0,0,0,0,0
68324,Guavatá,Santander,0,0,0,0,0,0,0,0,0,905,1462,1924,1335,0,0,0,0,0
68327,Güepsa,Santander,1323,298.89,273,182.77,139,101.94,1735,583.61,1,1791,2037,2820,3264,2,149.445,91.385,50.97,291.805
68344,Hato,Santander,0,0,0,0,0,0,0,0,0,2758,4342,11832,17339,0,0,0,0,0
68368,Jesús María,Santander,0,0,0,0,0,0,0,0,0,0,0,0,0,0,0,0,0,0
68370,Jordán,Santander,0,0,0,0,0,0,0,0,0,3520,2876,3728,5321,0,0,0,0,0
68377,La Belleza,Santander,0,0,0,0,0,0,0,0,0,0,0,0,0,0,0,0,0,0
68385,Landázuri,Santander,0,0,0,0,0,0,0,0,0,0,0,0,0,0,0,0,0,0
68397,La Paz,Santander,0,0,0,0,0,0,0,0,0,2113,2332,3201,5380,0,0,0,0,0
68406,Lebríja,Santander,576,48.75,228,25.42,18,3.5,822,77.67,1,0,500,4578,6529,1,48.75,25.42,3.5,77.67
68418,Los Santos,Santander,0,0,0,0,0,0,0,0,0,2297,1200,3476,5217,0,0,0,0,0
68425,Macaravita,Santander,0,0,0,0,0,0,0,0,0,6016,7303,13476,17798,0,0,0,0,0
68464,Mogotes,Santander,0,0,0,0,0,0,0,0,0,0,3193,5987,7798,0,0,0,0,0
68468,Molagavita,Santander,0,0,0,0,0,0,0,0,0,1023,1337,1712,2012,0,0,0,0,0
68498,Ocamonte,Santander,0,0,0,0,0,0,0,0,0,1142,1517,1711,2748,0,0,0,0,0
68500,Oiba,Santander,647,96.9,258,125.93,52,27.86,957,250.7,1,3072,5726,9954,14839,2,48.45,62.965,13.93,125.35
68502,Onzaga,Santander,3630,12270,738,1771.87,13,5.95,4381,14047.83,1,2178,3037,3826,5029,7,1752.857143,253.1242857,0.85,2006.832857
68522,Palmar,Santander,0,0,0,0,0,0,0,0,0,0,22522,54608,87400,0,0,0,0,0
68524,Palmas del Socorro,Santander,0,0,0,0,0,0,0,0,0,1003,1045,1505,1903,0,0,0,0,0
68533,Páramo,Santander,0,0,0,0,0,0,0,0,0,3333,4906,8568,11133,0,0,0,0,0
68547,Piedecuesta,Santander,5077,6291.04,1025,4522.8,91,20.24,6193,10834.08,1,0,0,0,0,8,786.38,565.35,2.53,1354.26
68549,Pinchote,Santander,0,0,0,0,0,0,0,0,0,1200,1746,3568,4169,0,0,0,0,0
68573,Puerto Parra,Santander,0,0,0,0,0,0,0,0,0,0,0,0,0,0,0,0,0,0
68575,Puerto Wilches,Santander,2264,2512.84,1301,5711.43,10,3.6,3575,8227.88,1,0,0,0,0,6,418.8066667,951.905,0.6,1371.313333
68655,Sabana de Torres,Santander,298,65.52,81,31.25,10,4.49,389,101.25,1,0,0,0,0,1,65.52,31.25,4.49,101.25
68673,San Benito,Santander,0,0,0,0,0,0,0,0,0,3140,2539,3944,7343,0,0,0,0,0
68682,San Joaquín,Santander,0,0,0,0,0,0,0,0,0,1237,1353,2112,2457,0,0,0,0,0
68684,San José de Miranda,Santander,0,0,0,0,0,0,0,0,0,4084,1772,12476,0,0,0,0,0,0
68686,San Miguel,Santander,0,0,0,0,0,0,0,0,0,5420,4460,19663,25684,0,0,0,0,0
68705,Santa Bárbara,Santander,0,0,0,0,0,0,0,0,0,0,0,0,0,0,0,0,0,0
68720,Santa Helena del Opón,Santander,0,0,0,0,0,0,0,0,0,0,0,0,0,0,0,0,0,0
68745,Simacota,Santander,0,0,0,0,0,0,0,0,0,1312,1687,0,0,0,0,0,0,0
68770,Suaita,Santander,4685,11029.81,1373,5951.27,112,43.95,6170,17025.02,1,2159,3955,8745,0,7,1575.687143,850.1814286,6.278571429,2432.145714
68773,Sucre,Santander,2617,3373.5,2825,3547.39,15,2.6,5457,6923.48,1,3312,3446,12498,0,6,562.25,591.2316667,0.433333333,1153.913333
68820,Tona,Santander,795,133.08,288,81.36,27,21.8,1110,236.23,1,6666,0,13265,18242,1,133.08,81.36,21.8,236.23
68855,Valle de San José,Santander,0,0,0,0,0,0,0,0,0,0,0,10125,0,0,0,0,0,0
68867,Vetas,Santander,0,0,0,0,0,0,0,0,0,0,0,0,0,0,0,0,0,0
68872,Villanueva,Santander,0,0,0,0,0,0,0,0,0,0,0,0,0,0,0,0,0,0
68895,Zapatoca,Santander,1951,5290.7,1099,10012.12,176,56.5,3226,15359.33,1,3208,0,0,0,8,661.3375,1251.515,7.0625,1919.91625
70110,Buenavista,Sucre,0,0,0,0,0,0,0,0,0,0,0,0,0,0,0,0,0,0
70124,Caimito,Sucre,0,0,0,0,0,0,0,0,0,0,0,0,0,0,0,0,0,0
70204,Coloso,Sucre,0,0,0,0,0,0,0,0,0,0,0,0,0,0,0,0,0,0
70221,Coveñas,Sucre,0,0,0,0,0,0,0,0,0,0,0,0,0,0,0,0,0,0
70230,Chalán,Sucre,0,0,0,0,0,0,0,0,0,0,0,0,0,0,0,0,0,0
70233,El Roble,Sucre,0,0,0,0,0,0,0,0,0,0,0,0,0,0,0,0,0,0
70235,Galeras,Sucre,0,0,0,0,0,0,0,0,0,0,0,0,0,0,0,0,0,0
70265,Guaranda,Sucre,0,0,0,0,0,0,0,0,0,0,0,0,0,0,0,0,0,0
70400,La Unión,Sucre,0,0,0,0,0,0,0,0,0,0,0,0,0,0,0,0,0,0
70418,Los Palmitos,Sucre,0,0,0,0,0,0,0,0,0,0,0,0,0,0,0,0,0,0
70429,Majagual,Sucre,1003,125.43,460,142.03,0,0,1463,267.45,1,0,0,0,0,3,41.81,47.34333333,0,89.15
70473,Morroa,Sucre,0,0,0,0,0,0,0,0,0,2622,3076,6202,8291,0,0,0,0,0
70508,Ovejas,Sucre,1036,1884.53,1200,9743.23,114,38.55,2350,11666.71,1,1959,1420,2729,0,7,269.2185714,1391.89,5.507142857,1666.672857
70523,Palmito,Sucre,0,0,0,0,0,0,0,0,0,1886,0,3803,4796,0,0,0,0,0
70670,Sampués,Sucre,0,0,0,0,0,0,0,0,0,1635,0,4195,0,0,0,0,0,0
70678,San Benito Abad,Sucre,0,0,0,0,0,0,0,0,0,2508,4395,9765,14192,0,0,0,0,0
70702,San Juan de Betulia,Sucre,0,0,0,0,0,0,0,0,0,0,0,0,0,0,0,0,0,0
70717,San Pedro,Sucre,258,23.8,156,104.12,10,2.44,424,130.37,1,0,0,0,0,1,23.8,104.12,2.44,130.37
70742,San Luis de Sincé,Sucre,2711,5918.22,3282,23656.07,274,63.65,6267,29637.94,1,0,0,0,0,7,845.46,3379.438571,9.092857143,4233.991429
70771,Sucre,Sucre,1212,1528.99,1698,10675.69,4,2.42,2914,12207.07,1,2661,2080,3388,0,7,218.4271429,1525.098571,0.345714286,1743.867143
70820,Santiago de Tolú,Sucre,0,0,0,0,0,0,0,0,0,4476,0,5688,0,0,0,0,0,0
70823,Tolú Viejo,Sucre,0,0,0,0,0,0,0,0,0,2470,0,3279,0,0,0,0,0,0
73024,Alpujarra,Tolima,541,119.92,264,106.27,5,5.68,810,231.88,1,5201,4942,0,0,3,39.97333333,35.42333333,1.893333333,77.29333333
73026,Alvarado,Tolima,0,0,0,0,0,0,0,0,0,1776,1660,2522,3227,0,0,0,0,0
73030,Ambalema,Tolima,105,1171.55,59,1659.15,0,0,164,2830.7,0,2949,3404,0,0,2,585.775,829.575,0,1415.35
73043,Anzoátegui,Tolima,1182,4334.74,841,2928.43,31,12.2,2054,7275.35,1,1945,2691,5673,7810,7,619.2485714,418.3471429,1.742857143,1039.335714
73067,Ataco,Tolima,1128,7728.57,1105,2258.46,9,3.14,2242,9990.16,1,0,0,0,0,8,966.07125,282.3075,0.3925,1248.77
73124,Cajamarca,Tolima,2745,11457.11,1581,19585.08,206,48.81,4532,31090.97,1,19765,28311,67775,92613,9,1273.012222,2176.12,5.423333333,3454.552222
73148,Carmen de Apicalá,Tolima,0,0,0,0,0,0,0,0,0,4351,3329,5214,5912,0,0,0,0,0
73152,Casabianca,Tolima,1050,99.61,396,39.89,43,17.94,1489,157.42,1,1241,2865,6483,0,4,24.9025,9.9725,4.485,39.355
73200,Coello,Tolima,0,0,0,0,0,0,0,0,0,0,0,0,0,0,0,0,0,0
73217,Coyaima,Tolima,0,0,0,0,0,0,0,0,0,0,0,0,0,0,0,0,0,0
73226,Cunday,Tolima,1870,7726.53,1688,5506.25,183,45.04,3741,13277.8,1,0,0,0,0,7,1103.79,786.6071429,6.434285714,1896.828571
73236,Dolores,Tolima,1891,7685.63,1085,6732.72,26,5,3002,14423.35,1,1805,2344,7225,5499,9,853.9588889,748.08,0.555555556,1602.594444
73270,Falan,Tolima,718,26.08,292,18.23,96,14.78,1106,59.11,1,4342,8861,36950,0,4,6.52,4.5575,3.695,14.7775
73275,Flandes,Tolima,0,0,0,0,0,0,0,0,0,2232,3645,0,0,0,0,0,0,0
73408,Lérida,Tolima,104,47.78,66,30.39,8,6.46,178,84.64,1,0,0,0,0,1,47.78,30.39,6.46,84.64
73443,Mariquita,Tolima,1051,2377.14,477,3649.34,66,16.81,1594,6043.3,1,6552,16047,39664,82988,6,396.19,608.2233333,2.801666667,1007.216667
73449,Melgar,Tolima,2302,62267.81,1252,46702.98,66,74.49,3620,109045.26,1,3433,0,4277,0,9,6918.645556,5189.22,8.276666667,12116.14
73461,Murillo,Tolima,0,0,0,0,0,0,0,0,0,0,0,0,0,0,0,0,0,0
73483,Natagaima,Tolima,1503,153.49,892,164.07,62,16.47,2457,334.02,1,1364,0,2331,0,4,38.3725,41.0175,4.1175,83.505
73520,Palocabildo,Tolima,0,0,0,0,0,0,0,0,0,3052,0,3779,0,0,0,0,0,0
73547,Piedras,Tolima,0,0,0,0,0,0,0,0,0,3071,4009,6633,0,0,0,0,0,0
73555,Planadas,Tolima,356,68.26,765,108.87,50,24.25,1171,201.37,1,0,0,0,0,1,68.26,108.87,24.25,201.37
73563,Prado,Tolima,0,0,0,0,0,0,0,0,0,1783,2088,3627,0,0,0,0,0,0
73616,Rioblanco,Tolima,0,0,0,0,0,0,0,0,0,0,0,0,0,0,0,0,0,0
73622,Roncesvalles,Tolima,695,25771.34,1334,61086.63,33,107.02,2062,86964.98,1,0,0,0,0,8,3221.4175,7635.82875,13.3775,10870.6225
73624,Rovira,Tolima,4532,11693.55,4228,7625.75,181,51.69,8941,19371,1,2059,2231,2619,0,7,1670.507143,1089.392857,7.384285714,2767.285714
73671,Saldaña,Tolima,0,0,0,0,0,0,0,0,0,0,0,0,0,0,0,0,0,0
73770,Suárez,Tolima,0,0,0,0,0,0,0,0,0,3165,3908,6337,0,0,0,0,0,0
73854,Valle de San Juan,Tolima,0,0,0,0,0,0,0,0,0,2984,4155,4735,0,0,0,0,0,0
73861,Venadillo,Tolima,1072,2108.73,742,2875.72,31,9.61,1845,4994.06,1,1733,1693,2713,0,6,351.455,479.2866667,1.601666667,832.3433333
73873,Villarrica,Tolima,1940,12984.06,1861,5893.6,313,126.5,4114,19004.14,1,0,0,0,0,6,2164.01,982.2666667,21.08333333,3167.356667
76020,Alcalá,Valle del Cauca,1151,21135.99,224,4131.33,9,14.55,1384,25281.87,0,0,0,0,0,5,4227.198,826.266,2.91,5056.374
76036,Andalucía,Valle del Cauca,0,0,0,0,0,0,0,0,0,1902,2009,2412,0,0,0,0,0,0
76041,Ansermanuevo,Valle del Cauca,0,0,0,0,0,0,0,0,0,0,0,0,0,0,0,0,0,0
76054,Argelia,Valle del Cauca,0,0,0,0,0,0,0,0,0,0,0,0,0,0,0,0,0,0
76100,Bolívar,Valle del Cauca,530,25.04,309,32.43,78,11.6,917,69.08,1,1418,1803,2607,0,2,12.52,16.215,5.8,34.54
76109,Buenaventura,Valle del Cauca,174,3.15,71,2.83,3,0.14,248,6.13,1,1738,1904,3078,0,4,0.7875,0.7075,0.035,1.5325
76111,Guadalajara de Buga,Valle del Cauca,0,0,0,0,0,0,0,0,0,11702,13522,22003,0,0,0,0,0,0
76126,Calima,Valle del Cauca,0,0,0,0,0,0,0,0,0,0,0,0,0,0,0,0,0,0
76130,Candelaria,Valle del Cauca,0,0,0,0,0,0,0,0,0,5886,4894,7927,0,0,0,0,0,0
76233,Dagua,Valle del Cauca,1987,1034.56,1139,1236.47,178,33.9,3304,2304.93,1,5258,5018,7140,0,6,172.4266667,206.0783333,5.65,384.155
76250,El Dovio,Valle del Cauca,0,0,0,0,0,0,0,0,0,0,0,0,0,0,0,0,0,0
76275,Florida,Valle del Cauca,0,0,0,0,0,0,0,0,0,4488,5650,7588,0,0,0,0,0,0
76306,Ginebra,Valle del Cauca,0,0,0,0,0,0,0,0,0,0,0,0,0,0,0,0,0,0
76318,Guacarí,Valle del Cauca,0,0,0,0,0,0,0,0,0,0,0,0,0,0,0,0,0,0
76364,Jamundí,Valle del Cauca,0,0,0,0,0,0,0,0,0,702,767,1119,0,0,0,0,0,0
76377,La Cumbre,Valle del Cauca,0,0,0,0,0,0,0,0,0,1687,2124,2728,0,0,0,0,0,0
76400,La Unión,Valle del Cauca,0,0,0,0,0,0,0,0,0,537,984,2573,0,0,0,0,0,0
76403,La Victoria,Valle del Cauca,0,0,0,0,0,0,0,0,0,0,0,0,0,0,0,0,0,0
76497,Obando,Valle del Cauca,0,0,0,0,0,0,0,0,0,0,0,0,0,0,0,0,0,0
76563,Pradera,Valle del Cauca,0,0,0,0,0,0,0,0,0,27806,0,69833,0,0,0,0,0,0
76606,Restrepo,Valle del Cauca,2275,34073.15,931,36457.71,122,163.15,3328,70694.01,1,0,0,0,0,7,4867.592857,5208.244286,23.30714286,10099.14429
76616,Riofrío,Valle del Cauca,0,0,0,0,0,0,0,0,0,0,0,0,0,0,0,0,0,0
76670,San Pedro,Valle del Cauca,0,0,0,0,0,0,0,0,0,3261,3787,4584,0,0,0,0,0,0
76823,Toro,Valle del Cauca,0,0,0,0,0,0,0,0,0,0,0,0,0,0,0,0,0,0
76845,Ulloa,Valle del Cauca,0,0,0,0,0,0,0,0,0,0,0,0,0,0,0,0,0,0
76863,Versalles,Valle del Cauca,4308,19666.67,1963,17681.13,213,96.94,6484,37444.73,1,1008,1157,2140,0,7,2809.524286,2525.875714,13.84857143,5349.247143
76869,Vijes,Valle del Cauca,0,0,0,0,0,0,0,0,0,0,0,0,0,0,0,0,0,0
76890,Yotoco,Valle del Cauca,0,0,0,0,0,0,0,0,0,0,0,0,0,0,0,0,0,0
76892,Yumbo,Valle del Cauca,0,0,0,0,0,0,0,0,0,5213,5746,6859,0,0,0,0,0,0
76895,Zarzal,Valle del Cauca,850,1046.69,878,3097.89,142,18.85,1870,4163.42,1,995,741,1337,0,6,174.4483333,516.315,3.141666667,693.9033333
81065,Arauquita,Arauca,0,0,0,0,0,0,0,0,0,2714,320,6897,0,0,0,0,0,0
81220,Cravo Norte,Arauca,0,0,0,0,0,0,0,0,0,5084,4488,13499,0,0,0,0,0,0
81300,Fortul,Arauca,0,0,0,0,0,0,0,0,0,0,0,0,0,0,0,0,0,0
81591,Puerto Rondón,Arauca,9,12.36,143,97.62,0,0,152,109.98,1,0,0,0,0,1,12.36,97.62,0,109.98
81736,Saravena,Arauca,0,0,0,0,0,0,0,0,0,0,0,0,0,0,0,0,0,0
81794,Tame,Arauca,959,1059.58,5622,7159.21,12,0.45,6593,8219.25,1,0,0,0,0,8,132.4475,894.90125,0.05625,1027.40625
85001,Yopal,Casanare,1815,29125.81,4824,68010.24,1,0.42,6640,97136.46,1,0,1907,2693,0,8,3640.72625,8501.28,0.0525,12142.0575
85010,Aguazul,Casanare,0,0,0,0,0,0,0,0,0,0,0,0,0,0,0,0,0,0
85015,Chameza,Casanare,0,0,0,0,0,0,0,0,0,0,0,0,0,0,0,0,0,0
85125,Hato Corozal,Casanare,0,0,0,0,0,0,0,0,0,0,0,0,0,0,0,0,0,0
85136,La Salina,Casanare,0,0,0,0,0,0,0,0,0,1730,1954,2644,0,0,0,0,0,0
85139,Maní,Casanare,0,0,0,0,0,0,0,0,0,1845,1986,3389,0,0,0,0,0,0
85162,Monterrey,Casanare,196,0,404,0,1,0,601,0,1,0,0,0,0,1,0,0,0,0
85225,Nunchía,Casanare,98,16.52,80,7.79,0,0,178,24.31,1,4768,5155,7119,0,1,16.52,7.79,0,24.31
85230,Orocué,Casanare,305,924.44,915,5101.45,0,0,1220,6025.87,1,2249,2426,3525,0,6,154.0733333,850.2416667,0,1004.311667
85250,Paz de Ariporo,Casanare,122,49.41,211,141.81,0,0,333,191.23,1,2309,2825,4276,0,1,49.41,141.81,0,191.23
85263,Pore,Casanare,0,0,0,0,0,0,0,0,0,11342,131132,25658,0,0,0,0,0,0
85279,Recetor,Casanare,0,0,0,0,0,0,0,0,0,0,0,0,0,0,0,0,0,0
85300,Sabanalarga,Casanare,0,0,0,0,0,0,0,0,0,0,0,0,0,0,0,0,0,0
85315,Sácama,Casanare,0,0,0,0,0,0,0,0,0,8814,9413,12856,0,0,0,0,0,0
85325,San Luis de Palenque,Casanare,556,0,3382,0,0,0,3938,0,1,0,0,0,0,8,0,0,0,0
85400,Támara,Casanare,2052,21509.7,1897,45592.76,0,0,3949,67102.47,1,2027,2147,2687,0,8,2688.7125,5699.095,0,8387.80875
85410,Tauramena,Casanare,0,0,0,0,0,0,0,0,0,0,0,0,0,0,0,0,0,0
85430,Trinidad,Casanare,0,0,0,0,0,0,0,0,0,0,0,0,0,0,0,0,0,0
85440,Villanueva,Casanare,0,0,0,0,0,0,0,0,0,0,0,0,0,0,0,0,0,0
86219,Colón,Putumayo,0,0,0,0,0,0,0,0,0,0,0,0,0,0,0,0,0,0
86320,Orito,Putumayo,0,0,0,0,0,0,0,0,0,0,0,0,0,0,0,0,0,0
86568,Puerto Asís,Putumayo,96,154.76,176,531.22,2,5.61,274,691.59,1,2597,0,0,0,1,154.76,531.22,5.61,691.59
86569,Puerto Caicedo,Putumayo,0,0,0,0,0,0,0,0,0,0,0,0,0,0,0,0,0,0
86571,Puerto Guzmán,Putumayo,0,0,0,0,0,0,0,0,0,0,0,0,0,0,0,0,0,0
86573, Puerto Leguízamo,Putumayo,0,0,0,0,0,0,0,0,0,0,0,0,0,0,0,0,0,0
86749,Sibundoy,Putumayo,0,0,0,0,0,0,0,0,0,0,0,0,10150,0,0,0,0,0
86755,San Francisco,Putumayo,0,0,0,0,0,0,0,0,0,0,0,0,0,0,0,0,0,0
86757,San Miguel,Putumayo,0,0,0,0,0,0,0,0,0,0,0,0,1990,0,0,0,0,0
86760,Santiago,Putumayo,0,0,0,0,0,0,0,0,0,0,0,0,0,0,0,0,0,0
86865,Valle del Guamuez,Putumayo,0,0,0,0,0,0,0,0,0,0,0,0,0,0,0,0,0,0
86885,Villagarzón,Putumayo,0,0,0,0,0,0,0,0,0,0,0,0,0,0,0,0,0,0
88564,Providencia,Archipiélago de San Andrés,0,0,0,0,0,0,0,0,0,0,0,0,3641,0,0,0,0,0
91001,Leticia,Amazonas,454,3077.42,289,5337.97,9,11.48,752,8426.86,1,0,0,0,0,8,384.6775,667.24625,1.435,1053.3575
91263,El Encanto (CD),Amazonas,0,0,0,0,0,0,0,0,0,0,0,0,0,0,0,0,0,0
91405,La Chorrera (CD),Amazonas,0,0,0,0,0,0,0,0,0,0,0,0,0,0,0,0,0,0
91407,La Pedrera (CD),Amazonas,0,0,0,0,0,0,0,0,0,0,0,0,0,0,0,0,0,0
91430,La Victoria (CD),Amazonas,0,0,0,0,0,0,0,0,0,0,0,0,0,0,0,0,0,0
91460,Miriti - Paraná (CD),Amazonas,0,0,0,0,0,0,0,0,0,0,0,0,0,0,0,0,0,0
91530,Puerto Alegría (CD),Amazonas,0,0,0,0,0,0,0,0,0,0,0,0,0,0,0,0,0,0
91536,Puerto Arica (CD),Amazonas,0,0,0,0,0,0,0,0,0,0,0,0,0,0,0,0,0,0
91540,Puerto Nariño,Amazonas,0,0,0,0,0,0,0,0,0,0,0,0,0,0,0,0,0,0
91669,Puerto Santander (CD),Amazonas,0,0,0,0,0,0,0,0,0,0,0,0,0,0,0,0,0,0
91798,Tarapacá (CD),Amazonas,0,0,0,0,0,0,0,0,0,0,0,0,0,0,0,0,0,0
94001,Inírida,Guainía,0,0,0,0,0,0,0,0,0,0,0,0,0,0,0,0,0,0
94343,Barranco Minas (CD),Guainía,0,0,0,0,0,0,0,0,0,0,0,0,0,0,0,0,0,0
94663,Mapiripana (CD),Guainía,0,0,0,0,0,0,0,0,0,0,0,0,0,0,0,0,0,0
94883,San Felipe (CD),Guainía,0,0,0,0,0,0,0,0,0,0,0,0,0,0,0,0,0,0
94884,Puerto Colombia (CD),Guainía,0,0,0,0,0,0,0,0,0,0,0,0,0,0,0,0,0,0
94885,La Guadalupe (CD),Guainía,0,0,0,0,0,0,0,0,0,0,0,0,0,0,0,0,0,0
94886,Cacahual (CD),Guainía,0,0,0,0,0,0,0,0,0,0,0,0,0,0,0,0,0,0
94887,Pana Pana (CD),Guainía,0,0,0,0,0,0,0,0,0,0,0,0,0,0,0,0,0,0
94888,Morichal (CD),Guainía,0,0,0,0,0,0,0,0,0,0,0,0,0,0,0,0,0,0
95001,San José del Guaviare,Guaviare,0,0,0,0,0,0,0,0,0,0,0,0,0,0,0,0,0,0
95015,Calamar,Guaviare,0,0,0,0,0,0,0,0,0,5358,0,0,1299,0,0,0,0,0
95025,El Retorno,Guaviare,0,0,0,0,0,0,0,0,0,0,0,0,0,0,0,0,0,0
95200,Miraflores,Guaviare,0,0,0,0,0,0,0,0,0,0,0,0,0,0,0,0,0,0
97001,Mitú,Vaupés,861,10543.74,3,1.99,0,0,864,10545.73,1,0,0,0,0,7,1506.248571,0.284285714,0,1506.532857
97161,Caruru,Vaupés,0,0,0,0,0,0,0,0,0,0,0,0,0,0,0,0,0,0
97511,Pacoa (CD),Vaupés,0,0,0,0,0,0,0,0,0,0,0,0,0,0,0,0,0,0
97666,Taraira,Vaupés,0,0,0,0,0,0,0,0,0,0,0,0,0,0,0,0,0,0
97777,Papunaua (CD),Vaupés,0,0,0,0,0,0,0,0,0,0,0,0,0,0,0,0,0,0
97889,Yavaraté (CD),Vaupés,0,0,0,0,0,0,0,0,0,0,0,0,0,0,0,0,0,0
99001,Puerto Carreño,Vichada,231,2642.38,98,1611.67,0,0,329,4254.06,1,0,0,0,0,7,377.4828571,230.2385714,0,607.7228571
99524,La Primavera,Vichada,0,0,0,0,0,0,0,0,0,0,0,0,0,0,0,0,0,0
99624,Santa Rosalía,Vichada,0,0,0,0,0,0,0,0,0,0,0,0,0,0,0,0,0,0
99773,Cumaribo,Vichada,0,0,0,0,0,0,0,0,0,0,0,0,0,0,0,0,0,0
