,codmpio,municipio,depto,CP - Numero,CP - Valor,MP - Numero,MP - Valor,LP - Numero,LP - Valor,T - Numero,T - Valor,tratamiento,alf_A1938,alf_A1951,alf_A1964,alf_A1973,alf_A2018,numero_prestamos,CP - Promedio,MP - Promedio,LP - Promedio,T - Promedio
0,5004.0,Abriaquí,Antioquia,0,0.0,0,0.0,0,0.0,0,0.0,0,1256,1484.0,1942,2422,99.1,0,0.0,0.0,0.0,0.0
1,5021.0,Alejandría,Antioquia,0,0.0,0,0.0,0,0.0,0,0.0,0,6201,5899.0,9163,11004,99.4,0,0.0,0.0,0.0,0.0
2,5030.0,Amagá,Antioquia,439,43.21,111,25.29,66,11.79,616,80.29,1,5361,4896.0,7313,10100,99.5,1,43.21,25.29,11.79,80.29
3,5031.0,Amalfi,Antioquia,3775,19711.09,1837,24446.07,8,9.85,5620,44167.0,1,14118,20379.0,18552,22278,99.6,8,2463.88625,3055.75875,1.23125,5520.875
4,5036.0,Angelópolis,Antioquia,0,0.0,0,0.0,0,0.0,0,0.0,0,4363,4350.0,5352,5279,99.3,0,0.0,0.0,0.0,0.0
5,5038.0,Angostura,Antioquia,0,0.0,0,0.0,0,0.0,0,0.0,0,3975,3708.0,5143,0,96.7,0,0.0,0.0,0.0,0.0
6,5040.0,Anorí,Antioquia,82,12.25,39,6.13,0,0.0,121,18.38,1,5279,4755.0,9816,8666,99.2,1,12.25,6.13,0.0,18.38
7,5042.0,Santafé de Antioquia,Antioquia,2074,1669.28,452,841.56,96,16.8,2622,2527.65,1,1552,0.0,2337,2692,99.2,6,278.2133333,140.26,2.8,421.275
8,5044.0,Anza,Antioquia,0,0.0,0,0.0,0,0.0,0,0.0,0,3357,2614.0,3298,3942,94.7,0,0.0,0.0,0.0,0.0
9,5045.0,Apartadó,Antioquia,0,0.0,0,0.0,0,0.0,0,0.0,0,0,0.0,0,0,99.6,0,0.0,0.0,0.0,0.0
10,5051.0,Arboletes,Antioquia,670,172.49,207,230.61,0,0.0,877,403.1,1,0,0.0,0,0,97.0,1,172.49,230.61,0.0,403.1
11,5055.0,Argelia,Antioquia,0,0.0,0,0.0,0,0.0,0,0.0,0,2996,0.0,6489,0,99.1,0,0.0,0.0,0.0,0.0
12,5059.0,Armenia,Antioquia,393,125.47,129,72.69,22,13.94,544,212.1,1,6592,7820.0,7937,13367,92.2,2,62.735,36.345,6.97,106.05
13,5079.0,Barbosa,Antioquia,614,20.14,235,15.61,56,10.15,905,45.9,1,9257,22495.0,58617,0,99.4,1,20.14,15.61,10.15,45.9
14,5086.0,Belmira,Antioquia,0,0.0,0,0.0,0,0.0,0,0.0,0,2527,3191.0,2998,3122,99.8,0,0.0,0.0,0.0,0.0
15,5088.0,Bello,Antioquia,0,0.0,0,0.0,0,0.0,0,0.0,0,4340,3502.0,6040,6688,100.0,0,0.0,0.0,0.0,0.0
16,5091.0,Betania,Antioquia,227,52.65,65,17.55,9,3.86,301,74.06,1,0,0.0,0,0,97.5,1,52.65,17.55,3.86,74.06
17,5093.0,Betulia,Antioquia,1473,8772.63,445,4857.43,49,28.53,1967,13755.31,1,10762,7702.0,18110,23490,94.9,7,1253.232857,693.9185714,4.075714286,1965.044286
18,5107.0,Briceño,Antioquia,0,0.0,0,0.0,0,0.0,0,0.0,0,3652,0.0,8303,0,96.7,0,0.0,0.0,0.0,0.0
19,5113.0,Buriticá,Antioquia,0,0.0,0,0.0,0,0.0,0,0.0,0,1824,1975.0,2361,3020,99.0,0,0.0,0.0,0.0,0.0
20,5120.0,Cáceres,Antioquia,0,0.0,0,0.0,0,0.0,0,0.0,0,1697,0.0,5933,0,92.8,0,0.0,0.0,0.0,0.0
21,5125.0,Caicedo,Antioquia,0,0.0,0,0.0,0,0.0,0,0.0,0,665,1791.0,5052,9494,97.8,0,0.0,0.0,0.0,0.0
22,5129.0,Caldas,Antioquia,0,0.0,0,0.0,0,0.0,0,0.0,0,1685,2131.0,2487,2951,99.2,0,0.0,0.0,0.0,0.0
23,5134.0,Campamento,Antioquia,0,0.0,0,0.0,0,0.0,0,0.0,0,5345,7346.0,15246,0,94.9,0,0.0,0.0,0.0,0.0
24,5138.0,Cañasgordas,Antioquia,4498,15113.84,2204,14563.11,138,43.25,6840,29720.18,1,4918,0.0,3629,0,99.1,7,2159.12,2080.444286,6.178571429,4245.74
25,5142.0,Caracolí,Antioquia,0,0.0,0,0.0,0,0.0,0,0.0,0,4486,0.0,5492,0,99.6,0,0.0,0.0,0.0,0.0
26,5145.0,Caramanta,Antioquia,0,0.0,0,0.0,0,0.0,0,0.0,0,2196,2648.0,3729,4991,99.9,0,0.0,0.0,0.0,0.0
27,5147.0,Carepa,Antioquia,0,0.0,0,0.0,0,0.0,0,0.0,0,0,0.0,0,0,99.3,0,0.0,0.0,0.0,0.0
28,5148.0,El Carmen de Viboral,Antioquia,0,0.0,0,0.0,0,0.0,0,0.0,0,6245,7158.0,8428,10776,99.4,0,0.0,0.0,0.0,0.0
29,5150.0,Carolina,Antioquia,0,0.0,0,0.0,0,0.0,0,0.0,0,1448,0.0,2571,0,99.3,0,0.0,0.0,0.0,0.0
30,5154.0,Caucasia,Antioquia,920,227.51,430,492.39,1,0.48,1351,720.39,1,2108,0.0,4667,0,99.7,3,75.83666667,164.13,0.16,240.13
31,5172.0,Chigorodó,Antioquia,551,181.85,555,458.18,4,3.4,1110,643.43,1,29643,0.0,101972,0,99.5,3,60.61666667,152.7266667,1.133333333,214.4766667
32,5190.0,Cisneros,Antioquia,1777,2571.28,627,2147.3,133,47.35,2537,4765.92,1,0,0.0,0,0,99.8,6,428.5466667,357.8833333,7.891666667,794.32
33,5197.0,Cocorná,Antioquia,0,0.0,0,0.0,0,0.0,0,0.0,0,3100,0.0,4162,0,99.7,0,0.0,0.0,0.0,0.0
34,5206.0,Concepción,Antioquia,0,0.0,0,0.0,0,0.0,0,0.0,0,4751,4925.0,5518,5820,99.5,0,0.0,0.0,0.0,0.0
35,5212.0,Copacabana,Antioquia,0,0.0,0,0.0,0,0.0,0,0.0,0,3240,3503.0,5917,6277,99.5,0,0.0,0.0,0.0,0.0
36,5234.0,Dabeiba,Antioquia,1053,90.71,669,99.83,12,4.05,1734,194.58,1,112,452.0,2823,7182,90.6,3,30.23666667,33.27666667,1.35,64.86
37,5237.0,Don Matías,Antioquia,0,0.0,0,0.0,0,0.0,0,0.0,0,6397,6927.0,10321,9363,99.6,0,0.0,0.0,0.0,0.0
38,5240.0,Ebéjico,Antioquia,0,0.0,0,0.0,0,0.0,0,0.0,0,2316,2279.0,2880,3822,97.1,0,0.0,0.0,0.0,0.0
39,5250.0,El Bagre,Antioquia,0,0.0,0,0.0,0,0.0,0,0.0,0,4248,0.0,7293,9377,97.6,0,0.0,0.0,0.0,0.0
40,5264.0,Entrerrios,Antioquia,0,0.0,0,0.0,0,0.0,0,0.0,0,6385,5907.0,7269,8292,99.3,0,0.0,0.0,0.0,0.0
41,5266.0,Envigado,Antioquia,0,0.0,0,0.0,0,0.0,0,0.0,0,1610,0.0,2284,0,99.2,0,0.0,0.0,0.0,0.0
42,5306.0,Giraldo,Antioquia,0,0.0,0,0.0,0,0.0,0,0.0,0,3450,4391.0,5510,6795,99.7,0,0.0,0.0,0.0,0.0
43,5308.0,Girardota,Antioquia,0,0.0,0,0.0,0,0.0,0,0.0,0,4302,4721.0,7188,7998,99.6,0,0.0,0.0,0.0,0.0
44,5310.0,Gómez Plata,Antioquia,0,0.0,0,0.0,0,0.0,0,0.0,0,2310,2268.0,2724,3284,99.8,0,0.0,0.0,0.0,0.0
45,5315.0,Guadalupe,Antioquia,0,0.0,0,0.0,0,0.0,0,0.0,0,5221,0.0,6709,0,98.6,0,0.0,0.0,0.0,0.0
46,5318.0,Guarne,Antioquia,0,0.0,0,0.0,0,0.0,0,0.0,0,13167,9500.0,14960,13911,99.6,0,0.0,0.0,0.0,0.0
47,5321.0,Guatapé,Antioquia,0,0.0,0,0.0,0,0.0,0,0.0,0,5545,4413.0,8345,14058,99.7,0,0.0,0.0,0.0,0.0
48,5347.0,Heliconia,Antioquia,0,0.0,0,0.0,0,0.0,0,0.0,0,1277,1606.0,1824,2073,99.4,0,0.0,0.0,0.0,0.0
49,5353.0,Hispania,Antioquia,0,0.0,0,0.0,0,0.0,0,0.0,0,0,0.0,0,0,99.9,0,0.0,0.0,0.0,0.0
50,5360.0,Itagui,Antioquia,0,0.0,0,0.0,0,0.0,0,0.0,0,4835,5540.0,13064,11067,99.2,0,0.0,0.0,0.0,0.0
51,5364.0,Jardín,Antioquia,900,1857.16,1182,5314.42,262,59.86,2344,7231.44,1,6537,6636.0,9689,10155,99.5,6,309.5266667,885.7366667,9.976666667,1205.24
52,5376.0,La Ceja,Antioquia,2178,6086.35,2274,10765.36,317,76.99,4769,16928.69,1,2377,2493.0,3363,3372,99.5,7,869.4785714,1537.908571,10.99857143,2418.384286
53,5380.0,La Estrella,Antioquia,0,0.0,0,0.0,0,0.0,0,0.0,0,2926,3120.0,4051,4323,99.7,0,0.0,0.0,0.0,0.0
54,5390.0,La Pintada,Antioquia,0,0.0,0,0.0,0,0.0,0,0.0,0,0,0.0,4844,0,99.8,0,0.0,0.0,0.0,0.0
55,5400.0,La Unión,Antioquia,0,0.0,0,0.0,0,0.0,0,0.0,0,2498,12188.0,42641,0,99.2,0,0.0,0.0,0.0,0.0
56,5425.0,Maceo,Antioquia,0,0.0,0,0.0,0,0.0,0,0.0,0,0,0.0,0,0,99.6,0,0.0,0.0,0.0,0.0
57,5440.0,Marinilla,Antioquia,5355,12614.78,2476,6814.56,488,65.45,8319,19494.81,1,6306,6354.0,8790,8520,99.3,9,1401.642222,757.1733333,7.272222222,2166.09
58,5467.0,Montebello,Antioquia,0,0.0,0,0.0,0,0.0,0,0.0,0,10142,8530.0,11689,10348,99.3,0,0.0,0.0,0.0,0.0
59,5475.0,Murindó,Antioquia,0,0.0,0,0.0,0,0.0,0,0.0,0,6621,7069.0,10733,15206,97.4,0,0.0,0.0,0.0,0.0
60,5480.0,Mutatá,Antioquia,0,0.0,0,0.0,0,0.0,0,0.0,0,4135,4869.0,10040,15818,93.7,0,0.0,0.0,0.0,0.0
61,5483.0,Nariño,Antioquia,360,19.62,57,8.99,40,2.65,457,31.26,1,2753,3817.0,6162,7567,96.9,1,19.62,8.99,2.65,31.26
62,5490.0,Necoclí,Antioquia,0,0.0,0,0.0,0,0.0,0,0.0,0,0,0.0,0,0,97.2,0,0.0,0.0,0.0,0.0
63,5495.0,Nechí,Antioquia,0,0.0,0,0.0,0,0.0,0,0.0,0,582,0.0,1376,0,98.6,0,0.0,0.0,0.0,0.0
64,5501.0,Olaya,Antioquia,0,0.0,0,0.0,0,0.0,0,0.0,0,3757,4333.0,5485,6473,98.6,0,0.0,0.0,0.0,0.0
65,5541.0,Peñol,Antioquia,0,0.0,0,0.0,0,0.0,0,0.0,0,1433,0.0,9734,14968,99.3,0,0.0,0.0,0.0,0.0
66,5543.0,Peque,Antioquia,0,0.0,0,0.0,0,0.0,0,0.0,0,8759,8202.0,10576,15438,93.1,0,0.0,0.0,0.0,0.0
67,5576.0,Pueblorrico,Antioquia,0,0.0,0,0.0,0,0.0,0,0.0,0,116541,241779.0,523517,0,98.5,0,0.0,0.0,0.0,0.0
68,5579.0,Puerto Berrío,Antioquia,257,31.58,496,111.11,1,0.02,754,142.71,1,0,0.0,0,0,99.8,4,7.895,27.7775,0.005,35.6775
69,5585.0,Puerto Nare,Antioquia,0,0.0,0,0.0,0,0.0,0,0.0,0,0,0.0,0,0,99.5,0,0.0,0.0,0.0,0.0
70,5591.0,Puerto Triunfo,Antioquia,0,0.0,0,0.0,0,0.0,0,0.0,0,3112,0.0,5918,0,99.2,0,0.0,0.0,0.0,0.0
71,5604.0,Remedios,Antioquia,931,3527.72,1167,13467.44,28,17.06,2126,17012.23,1,1945,0.0,1988,0,99.9,7,503.96,1923.92,2.437142857,2430.318571
72,5607.0,Retiro,Antioquia,0,0.0,0,0.0,0,0.0,0,0.0,0,4592,4611.0,5388,5545,99.9,0,0.0,0.0,0.0,0.0
73,5628.0,Sabanalarga,Antioquia,0,0.0,0,0.0,0,0.0,0,0.0,0,4657,5457.0,6963,0,99.5,0,0.0,0.0,0.0,0.0
74,5631.0,Sabaneta,Antioquia,0,0.0,0,0.0,0,0.0,0,0.0,0,6557,0.0,6825,0,100.0,0,0.0,0.0,0.0,0.0
75,5642.0,Salgar,Antioquia,804,3757.09,676,4492.74,144,59.06,1624,8308.87,1,193,546.0,1625,2935,95.5,6,626.1816667,748.79,9.843333333,1384.811667
76,5647.0,San Andrés de Cuerquía,Antioquia,0,0.0,0,0.0,0,0.0,0,0.0,0,11424,0.0,19536,0,99.3,0,0.0,0.0,0.0,0.0
77,5649.0,San Carlos,Antioquia,1118,70.68,1195,88.15,3,0.37,2316,159.2,1,5711,5817.0,6821,8262,99.5,3,23.56,29.38333333,0.123333333,53.06666667
78,5652.0,San Francisco,Antioquia,0,0.0,0,0.0,0,0.0,0,0.0,0,3102,0.0,4017,0,93.1,0,0.0,0.0,0.0,0.0
79,5656.0,San Jerónimo,Antioquia,0,0.0,0,0.0,0,0.0,0,0.0,0,1357,485.0,2268,3196,100.0,0,0.0,0.0,0.0,0.0
80,5658.0,San José de La Montaña,Antioquia,0,0.0,0,0.0,0,0.0,0,0.0,0,9127,0.0,20745,0,99.8,0,0.0,0.0,0.0,0.0
81,5659.0,San Juan de Urabá,Antioquia,0,0.0,0,0.0,0,0.0,0,0.0,0,0,0.0,0,0,97.6,0,0.0,0.0,0.0,0.0
82,5660.0,San Luis,Antioquia,0,0.0,0,0.0,0,0.0,0,0.0,0,1901,0.0,2658,0,99.2,0,0.0,0.0,0.0,0.0
83,5664.0,San Pedro,Antioquia,0,0.0,0,0.0,0,0.0,0,0.0,0,6384,5199.0,5249,5033,99.1,0,0.0,0.0,0.0,0.0
84,5665.0,San Pedro de Uraba,Antioquia,0,0.0,0,0.0,0,0.0,0,0.0,0,0,0.0,0,0,97.4,0,0.0,0.0,0.0,0.0
85,5667.0,San Rafael,Antioquia,0,0.0,0,0.0,0,0.0,0,0.0,0,9495,9004.0,17852,7172,99.4,0,0.0,0.0,0.0,0.0
86,5670.0,San Roque,Antioquia,1546,1024.08,1047,1489.37,119,19.86,2712,2533.31,1,1186,0.0,3019,0,99.3,6,170.68,248.2283333,3.31,422.2183333
87,5674.0,San Vicente,Antioquia,0,0.0,0,0.0,0,0.0,0,0.0,0,3005,5513.0,6854,7605,99.7,0,0.0,0.0,0.0,0.0
88,5679.0,Santa Bárbara,Antioquia,1567,1921.23,512,1742.72,186,25.31,2265,3689.27,1,1071,0.0,533,0,99.3,6,320.205,290.4533333,4.218333333,614.8783333
89,5690.0,Santo Domingo,Antioquia,0,0.0,0,0.0,0,0.0,0,0.0,0,11111,12744.0,19181,0,99.1,0,0.0,0.0,0.0,0.0
90,5697.0,El Santuario,Antioquia,3068,123.15,1903,85.64,218,25.53,5189,234.31,1,1597,1638.0,2458,3013,99.6,5,24.63,17.128,5.106,46.862
91,5736.0,Segovia,Antioquia,0,0.0,0,0.0,0,0.0,0,0.0,0,6211,6604.0,7912,10417,99.4,0,0.0,0.0,0.0,0.0
92,5790.0,Tarazá,Antioquia,0,0.0,0,0.0,0,0.0,0,0.0,0,1737,0.0,1936,0,94.7,0,0.0,0.0,0.0,0.0
93,5792.0,Tarso,Antioquia,0,0.0,0,0.0,0,0.0,0,0.0,0,0,0.0,0,0,96.6,0,0.0,0.0,0.0,0.0
94,5809.0,Titiribí,Antioquia,343,64.95,133,58.56,32,6.72,508,130.23,1,3171,3576.0,4557,4898,99.8,2,32.475,29.28,3.36,65.115
95,5819.0,Toledo,Antioquia,0,0.0,0,0.0,0,0.0,0,0.0,0,1566,3070.0,6293,8549,99.4,0,0.0,0.0,0.0,0.0
96,5842.0,Uramita,Antioquia,0,0.0,0,0.0,0,0.0,0,0.0,0,2531,0.0,4963,0,95.5,0,0.0,0.0,0.0,0.0
97,5847.0,Urrao,Antioquia,3464,9367.63,2004,10123.29,342,35.61,5810,19526.55,1,1168,0.0,2387,0,96.2,9,1040.847778,1124.81,3.956666667,2169.616667
98,5854.0,Valdivia,Antioquia,0,0.0,0,0.0,0,0.0,0,0.0,0,3633,4603.0,5657,7182,94.7,0,0.0,0.0,0.0,0.0
99,5856.0,Valparaíso,Antioquia,0,0.0,0,0.0,0,0.0,0,0.0,0,3791,3197.0,5220,7136,99.4,0,0.0,0.0,0.0,0.0
100,5858.0,Vegachí,Antioquia,0,0.0,0,0.0,0,0.0,0,0.0,0,0,0.0,0,0,98.9,0,0.0,0.0,0.0,0.0
101,5861.0,Venecia,Antioquia,0,0.0,0,0.0,0,0.0,0,0.0,0,8255,9798.0,10989,12815,99.5,0,0.0,0.0,0.0,0.0
102,5873.0,Vigía del Fuerte,Antioquia,0,0.0,0,0.0,0,0.0,0,0.0,0,2278,0.0,3056,0,95.5,0,0.0,0.0,0.0,0.0
103,5885.0,Yalí,Antioquia,0,0.0,0,0.0,0,0.0,0,0.0,0,2897,0.0,5046,5923,96.2,0,0.0,0.0,0.0,0.0
104,5893.0,Yondó,Antioquia,0,0.0,0,0.0,0,0.0,0,0.0,0,2611,0.0,3700,0,99.3,0,0.0,0.0,0.0,0.0
105,5895.0,Zaragoza,Antioquia,0,0.0,0,0.0,0,0.0,0,0.0,0,1494,0.0,2626,3106,96.4,0,0.0,0.0,0.0,0.0
106,8078.0,Baranoa,Atlántico,0,0.0,0,0.0,0,0.0,0,0.0,0,8529,11692.0,12568,14452,99.3,0,0.0,0.0,0.0,0.0
107,8137.0,Campo de La Cruz,Atlántico,0,0.0,0,0.0,0,0.0,0,0.0,0,28962,0.0,148134,222861,97.4,0,0.0,0.0,0.0,0.0
108,8141.0,Candelaria,Atlántico,0,0.0,0,0.0,0,0.0,0,0.0,0,1347,0.0,1684,1790,92.1,0,0.0,0.0,0.0,0.0
109,8296.0,Galapa,Atlántico,0,0.0,0,0.0,0,0.0,0,0.0,0,12201,10973.0,13557,14100,99.3,0,0.0,0.0,0.0,0.0
110,8372.0,Juan de Acosta,Atlántico,0,0.0,0,0.0,0,0.0,0,0.0,0,7609,5927.0,7471,8474,99.7,0,0.0,0.0,0.0,0.0
111,8421.0,Luruaco,Atlántico,0,0.0,0,0.0,0,0.0,0,0.0,0,1379,0.0,2763,3511,97.8,0,0.0,0.0,0.0,0.0
112,8433.0,Malambo,Atlántico,0,0.0,0,0.0,0,0.0,0,0.0,0,7614,8507.0,11297,13379,99.5,0,0.0,0.0,0.0,0.0
113,8436.0,Manatí,Atlántico,0,0.0,0,0.0,0,0.0,0,0.0,0,4509,3951.0,5805,7709,98.4,0,0.0,0.0,0.0,0.0
114,8520.0,Palmar de Varela,Atlántico,0,0.0,0,0.0,0,0.0,0,0.0,0,18999,21133.0,28877,29761,99.6,0,0.0,0.0,0.0,0.0
115,8549.0,Piojó,Atlántico,0,0.0,0,0.0,0,0.0,0,0.0,0,5946,5567.0,11649,7475,97.5,0,0.0,0.0,0.0,0.0
116,8558.0,Polonuevo,Atlántico,0,0.0,0,0.0,0,0.0,0,0.0,0,850,1002.0,1384,1844,99.6,0,0.0,0.0,0.0,0.0
117,8560.0,Ponedera,Atlántico,0,0.0,0,0.0,0,0.0,0,0.0,0,1600,0.0,2774,3305,96.3,0,0.0,0.0,0.0,0.0
118,8573.0,Puerto Colombia,Atlántico,0,0.0,0,0.0,0,0.0,0,0.0,0,9313,8786.0,11165,12805,99.8,0,0.0,0.0,0.0,0.0
119,8606.0,Repelón,Atlántico,0,0.0,0,0.0,0,0.0,0,0.0,0,5852,6017.0,7646,7547,97.8,0,0.0,0.0,0.0,0.0
120,8634.0,Sabanagrande,Atlántico,0,0.0,0,0.0,0,0.0,0,0.0,0,1875,1977.0,2558,2871,99.6,0,0.0,0.0,0.0,0.0
121,8638.0,Sabanalarga,Atlántico,8135,7000.28,2088,6438.54,88,12.43,10311,13451.25,1,710,0.0,1097,1189,99.4,8,875.035,804.8175,1.55375,1681.40625
122,8675.0,Santa Lucía,Atlántico,0,0.0,0,0.0,0,0.0,0,0.0,0,1710,0.0,1601,1811,98.8,0,0.0,0.0,0.0,0.0
123,8685.0,Santo Tomás,Atlántico,746,67.58,108,47.02,1,1.15,855,115.75,1,2775,3403.0,21798,34919,99.2,1,67.58,47.02,1.15,115.75
124,8758.0,Soledad,Atlántico,0,0.0,0,0.0,0,0.0,0,0.0,0,8801,8796.0,12573,13622,99.7,0,0.0,0.0,0.0,0.0
125,8770.0,Suan,Atlántico,0,0.0,0,0.0,0,0.0,0,0.0,0,2618,3395.0,4770,5316,99.4,0,0.0,0.0,0.0,0.0
126,8832.0,Tubará,Atlántico,0,0.0,0,0.0,0,0.0,0,0.0,0,3499,3127.0,4146,4862,99.3,0,0.0,0.0,0.0,0.0
127,8849.0,Usiacurí,Atlántico,0,0.0,0,0.0,0,0.0,0,0.0,0,6108,4535.0,5882,6645,100.0,0,0.0,0.0,0.0,0.0
128,13006.0,Achí,Bolívar,0,0.0,0,0.0,0,0.0,0,0.0,0,0,0.0,0,0,95.1,0,0.0,0.0,0.0,0.0
129,13030.0,Altos del Rosario,Bolívar,0,0.0,0,0.0,0,0.0,0,0.0,0,0,0.0,0,0,93.8,0,0.0,0.0,0.0,0.0
130,13042.0,Arenal,Bolívar,0,0.0,0,0.0,0,0.0,0,0.0,0,0,0.0,0,0,98.2,0,0.0,0.0,0.0,0.0
131,13052.0,Arjona,Bolívar,0,0.0,0,0.0,0,0.0,0,0.0,0,3196,4716.0,5272,7416,99.4,0,0.0,0.0,0.0,0.0
132,13062.0,Arroyohondo,Bolívar,0,0.0,0,0.0,0,0.0,0,0.0,0,0,0.0,0,0,94.1,0,0.0,0.0,0.0,0.0
133,13074.0,Barranco de Loba,Bolívar,0,0.0,0,0.0,0,0.0,0,0.0,0,0,0.0,0,0,92.9,0,0.0,0.0,0.0,0.0
134,13160.0,Cantagallo,Bolívar,0,0.0,0,0.0,0,0.0,0,0.0,0,0,0.0,0,0,97.7,0,0.0,0.0,0.0,0.0
135,13188.0,Cicuco,Bolívar,0,0.0,0,0.0,0,0.0,0,0.0,0,0,0.0,0,0,94.0,0,0.0,0.0,0.0,0.0
136,13212.0,Córdoba,Bolívar,0,0.0,0,0.0,0,0.0,0,0.0,0,398,0.0,682,2741,96.7,0,0.0,0.0,0.0,0.0
137,13222.0,Clemencia,Bolívar,0,0.0,0,0.0,0,0.0,0,0.0,0,794,0.0,1325,1772,96.9,0,0.0,0.0,0.0,0.0
138,13248.0,El Guamo,Bolívar,0,0.0,0,0.0,0,0.0,0,0.0,0,0,0.0,0,0,90.3,0,0.0,0.0,0.0,0.0
139,13268.0,El Peñón,Bolívar,0,0.0,0,0.0,0,0.0,0,0.0,0,3174,0.0,6119,8461,94.8,0,0.0,0.0,0.0,0.0
140,13300.0,Hatillo de Loba,Bolívar,0,0.0,0,0.0,0,0.0,0,0.0,0,0,0.0,0,0,91.8,0,0.0,0.0,0.0,0.0
141,13433.0,Mahates,Bolívar,0,0.0,0,0.0,0,0.0,0,0.0,0,3633,0.0,9747,15627,94.9,0,0.0,0.0,0.0,0.0
142,13440.0,Margarita,Bolívar,0,0.0,0,0.0,0,0.0,0,0.0,0,94364,0.0,334459,505003,94.8,0,0.0,0.0,0.0,0.0
143,13458.0,Montecristo,Bolívar,0,0.0,0,0.0,0,0.0,0,0.0,0,0,0.0,0,0,97.5,0,0.0,0.0,0.0,0.0
144,13473.0,Morales,Bolívar,0,0.0,0,0.0,0,0.0,0,0.0,0,0,0.0,0,0,100.0,0,0.0,0.0,0.0,0.0
145,13490.0,Norosí (1),Bolívar,0,0.0,0,0.0,0,0.0,0,0.0,0,0,0.0,0,0,98.4,0,0.0,0.0,0.0,0.0
146,13549.0,Pinillos,Bolívar,0,0.0,0,0.0,0,0.0,0,0.0,0,0,0.0,0,0,95.9,0,0.0,0.0,0.0,0.0
147,13580.0,Regidor,Bolívar,0,0.0,0,0.0,0,0.0,0,0.0,0,0,0.0,0,0,97.7,0,0.0,0.0,0.0,0.0
148,13600.0,Río Viejo (1)(3),Bolívar,0,0.0,0,0.0,0,0.0,0,0.0,0,0,0.0,0,0,96.4,0,0.0,0.0,0.0,0.0
149,13620.0,San Cristóbal,Bolívar,0,0.0,0,0.0,0,0.0,0,0.0,0,842,0.0,2283,2554,100.0,0,0.0,0.0,0.0,0.0
150,13647.0,San Estanislao,Bolívar,0,0.0,0,0.0,0,0.0,0,0.0,0,1854,0.0,7159,11939,95.7,0,0.0,0.0,0.0,0.0
151,13650.0,San Fernando,Bolívar,0,0.0,0,0.0,0,0.0,0,0.0,0,1079,0.0,6370,9563,92.6,0,0.0,0.0,0.0,0.0
152,13654.0,San Jacinto,Bolívar,247,11.06,91,28.36,38,8.14,376,47.57,1,1278,0.0,3128,5559,94.9,1,11.06,28.36,8.14,47.57
153,13655.0,San Jacinto del Cauca,Bolívar,0,0.0,0,0.0,0,0.0,0,0.0,0,0,0.0,0,0,96.7,0,0.0,0.0,0.0,0.0
154,13657.0,San Juan Nepomuceno,Bolívar,2302,1912.74,2177,15975.39,230,69.42,4709,17957.55,1,1127,0.0,2642,4180,94.7,7,273.2485714,2282.198571,9.917142857,2565.364286
155,13667.0,San Martín de Loba,Bolívar,0,0.0,0,0.0,0,0.0,0,0.0,0,1447,0.0,3014,3250,97.2,0,0.0,0.0,0.0,0.0
156,13670.0,San Pablo,Bolívar,0,0.0,0,0.0,0,0.0,0,0.0,0,0,0.0,0,0,99.0,0,0.0,0.0,0.0,0.0
157,13673.0,Santa Catalina,Bolívar,0,0.0,0,0.0,0,0.0,0,0.0,0,934,0.0,2576,2932,98.6,0,0.0,0.0,0.0,0.0
158,13683.0,Santa Rosa,Bolívar,0,0.0,0,0.0,0,0.0,0,0.0,0,1261,1632.0,3701,6493,99.7,0,0.0,0.0,0.0,0.0
159,13688.0,Santa Rosa del Sur,Bolívar,0,0.0,0,0.0,0,0.0,0,0.0,0,0,0.0,0,0,99.5,0,0.0,0.0,0.0,0.0
160,13744.0,Simití,Bolívar,153,37.04,99,33.56,0,0.0,252,70.6,1,0,0.0,0,0,99.1,1,37.04,33.56,0.0,70.6
161,13760.0,Soplaviento,Bolívar,0,0.0,0,0.0,0,0.0,0,0.0,0,1341,0.0,4493,6625,99.8,0,0.0,0.0,0.0,0.0
162,13780.0,Talaigua Nuevo,Bolívar,0,0.0,0,0.0,0,0.0,0,0.0,0,0,0.0,0,0,98.3,0,0.0,0.0,0.0,0.0
163,13810.0,Tiquisio,Bolívar,0,0.0,0,0.0,0,0.0,0,0.0,0,0,0.0,0,0,96.4,0,0.0,0.0,0.0,0.0
164,13836.0,Turbaco,Bolívar,0,0.0,0,0.0,0,0.0,0,0.0,0,2187,1678.0,3436,5669,99.3,0,0.0,0.0,0.0,0.0
165,13838.0,Turbaná,Bolívar,0,0.0,0,0.0,0,0.0,0,0.0,0,1248,1920.0,4129,5863,99.1,0,0.0,0.0,0.0,0.0
166,13873.0,Villanueva,Bolívar,0,0.0,0,0.0,0,0.0,0,0.0,0,847,954.0,1287,1836,96.4,0,0.0,0.0,0.0,0.0
167,13894.0,Zambrano,Bolívar,0,0.0,0,0.0,0,0.0,0,0.0,0,1393,1569.0,2786,4086,92.1,0,0.0,0.0,0.0,0.0
168,15022.0,Almeida,Boyacá,0,0.0,0,0.0,0,0.0,0,0.0,0,2322,0.0,4065,4758,99.5,0,0.0,0.0,0.0,0.0
169,15047.0,Aquitania,Boyacá,0,0.0,0,0.0,0,0.0,0,0.0,0,1671,2129.0,3910,6536,99.5,0,0.0,0.0,0.0,0.0
170,15051.0,Arcabuco,Boyacá,0,0.0,0,0.0,0,0.0,0,0.0,0,1089,1491.0,3051,5079,99.8,0,0.0,0.0,0.0,0.0
171,15087.0,Belén,Boyacá,0,0.0,0,0.0,0,0.0,0,0.0,0,8946,11787.0,17385,23576,99.9,0,0.0,0.0,0.0,0.0
172,15090.0,Berbeo,Boyacá,0,0.0,0,0.0,0,0.0,0,0.0,0,628,0.0,1118,1148,99.5,0,0.0,0.0,0.0,0.0
173,15092.0,Betéitiva,Boyacá,0,0.0,0,0.0,0,0.0,0,0.0,0,1556,2307.0,4577,7789,99.9,0,0.0,0.0,0.0,0.0
174,15097.0,Boavita,Boyacá,0,0.0,0,0.0,0,0.0,0,0.0,0,5041,9191.0,21389,44099,99.3,0,0.0,0.0,0.0,0.0
175,15104.0,Boyacá,Boyacá,0,0.0,0,0.0,0,0.0,0,0.0,0,1709,824.0,1787,3372,99.1,0,0.0,0.0,0.0,0.0
176,15106.0,Briceño,Boyacá,0,0.0,0,0.0,0,0.0,0,0.0,0,2057,0.0,2394,2700,99.5,0,0.0,0.0,0.0,0.0
177,15109.0,Buenavista,Boyacá,0,0.0,0,0.0,0,0.0,0,0.0,0,1071,1409.0,1808,2760,97.0,0,0.0,0.0,0.0,0.0
178,15114.0,Busbanzá,Boyacá,0,0.0,0,0.0,0,0.0,0,0.0,0,1095,1425.0,1688,2601,99.7,0,0.0,0.0,0.0,0.0
179,15131.0,Caldas,Boyacá,0,0.0,0,0.0,0,0.0,0,0.0,0,5180,0.0,8261,13475,99.3,0,0.0,0.0,0.0,0.0
180,15135.0,Campohermoso,Boyacá,0,0.0,0,0.0,0,0.0,0,0.0,0,0,0.0,0,0,99.6,0,0.0,0.0,0.0,0.0
181,15162.0,Cerinza,Boyacá,0,0.0,0,0.0,0,0.0,0,0.0,0,2349,0.0,0,0,99.2,0,0.0,0.0,0.0,0.0
182,15172.0,Chinavita,Boyacá,0,0.0,0,0.0,0,0.0,0,0.0,0,2891,0.0,1953,2692,99.4,0,0.0,0.0,0.0,0.0
183,15180.0,Chiscas,Boyacá,0,0.0,0,0.0,0,0.0,0,0.0,0,1102,1449.0,2821,0,99.2,0,0.0,0.0,0.0,0.0
184,15183.0,Chita,Boyacá,0,0.0,0,0.0,0,0.0,0,0.0,0,4639,4109.0,6715,7594,96.3,0,0.0,0.0,0.0,0.0
185,15185.0,Chitaraque,Boyacá,0,0.0,0,0.0,0,0.0,0,0.0,0,5377,6188.0,11926,20696,98.7,0,0.0,0.0,0.0,0.0
186,15187.0,Chivatá,Boyacá,0,0.0,0,0.0,0,0.0,0,0.0,0,52165,0.0,150490,227632,99.4,0,0.0,0.0,0.0,0.0
187,15189.0,Ciénega,Boyacá,0,0.0,0,0.0,0,0.0,0,0.0,0,4640,5183.0,0,0,99.5,0,0.0,0.0,0.0,0.0
188,15204.0,Cómbita,Boyacá,0,0.0,0,0.0,0,0.0,0,0.0,0,1356,0.0,0,0,99.9,0,0.0,0.0,0.0,0.0
189,15212.0,Coper,Boyacá,0,0.0,0,0.0,0,0.0,0,0.0,0,1998,3410.0,0,0,96.1,0,0.0,0.0,0.0,0.0
190,15215.0,Corrales,Boyacá,0,0.0,0,0.0,0,0.0,0,0.0,0,2841,3562.0,0,0,99.1,0,0.0,0.0,0.0,0.0
191,15218.0,Covarachía,Boyacá,0,0.0,0,0.0,0,0.0,0,0.0,0,0,0.0,0,0,97.3,0,0.0,0.0,0.0,0.0
192,15223.0,Cubará,Boyacá,0,0.0,0,0.0,0,0.0,0,0.0,0,2291,0.0,2140,2234,91.1,0,0.0,0.0,0.0,0.0
193,15224.0,Cucaita,Boyacá,0,0.0,0,0.0,0,0.0,0,0.0,0,1267,1512.0,3142,4761,99.1,0,0.0,0.0,0.0,0.0
194,15226.0,Cuítiva,Boyacá,0,0.0,0,0.0,0,0.0,0,0.0,0,5543,6851.0,15119,0,99.7,0,0.0,0.0,0.0,0.0
195,15232.0,Chíquiza,Boyacá,0,0.0,0,0.0,0,0.0,0,0.0,0,1649,1532.0,2579,2920,99.3,0,0.0,0.0,0.0,0.0
196,15236.0,Chivor,Boyacá,0,0.0,0,0.0,0,0.0,0,0.0,0,472,0.0,822,1290,99.9,0,0.0,0.0,0.0,0.0
197,15248.0,El Espino,Boyacá,5310,15566.99,939,6218.03,120,64.93,6369,21849.95,1,1838,2364.0,4490,6059,99.9,7,2223.855714,888.29,9.275714286,3121.421429
198,15272.0,Firavitoba,Boyacá,0,0.0,0,0.0,0,0.0,0,0.0,0,4558,2635.0,10532,8904,99.6,0,0.0,0.0,0.0,0.0
199,15276.0,Floresta,Boyacá,0,0.0,0,0.0,0,0.0,0,0.0,0,1836,1456.0,3129,3199,99.1,0,0.0,0.0,0.0,0.0
200,15293.0,Gachantivá,Boyacá,0,0.0,0,0.0,0,0.0,0,0.0,0,6585,8086.0,15917,15229,100.0,0,0.0,0.0,0.0,0.0
201,15296.0,Gameza,Boyacá,0,0.0,0,0.0,0,0.0,0,0.0,0,14315,20428.0,0,0,99.9,0,0.0,0.0,0.0,0.0
202,15317.0,Guacamayas,Boyacá,0,0.0,0,0.0,0,0.0,0,0.0,0,1821,2348.0,4484,0,99.6,0,0.0,0.0,0.0,0.0
203,15332.0,Güicán,Boyacá,0,0.0,0,0.0,0,0.0,0,0.0,0,1592,0.0,2412,2419,91.1,0,0.0,0.0,0.0,0.0
204,15362.0,Iza,Boyacá,0,0.0,0,0.0,0,0.0,0,0.0,0,4168,8227.0,0,0,99.6,0,0.0,0.0,0.0,0.0
205,15367.0,Jenesano,Boyacá,0,0.0,0,0.0,0,0.0,0,0.0,0,1852,2305.0,3527,0,99.7,0,0.0,0.0,0.0,0.0
206,15368.0,Jericó,Boyacá,0,0.0,0,0.0,0,0.0,0,0.0,0,1397,1419.0,0,0,95.6,0,0.0,0.0,0.0,0.0
207,15377.0,Labranzagrande,Boyacá,0,0.0,0,0.0,0,0.0,0,0.0,0,1575,1842.0,3107,0,94.3,0,0.0,0.0,0.0,0.0
208,15380.0,La Capilla,Boyacá,0,0.0,0,0.0,0,0.0,0,0.0,0,1218,1669.0,0,0,99.1,0,0.0,0.0,0.0,0.0
209,15401.0,La Victoria,Boyacá,0,0.0,0,0.0,0,0.0,0,0.0,0,3778,0.0,7854,12352,96.1,0,0.0,0.0,0.0,0.0
210,15403.0,La Uvita,Boyacá,7506,21973.0,1352,4926.83,41,12.86,8899,26912.21,1,2164,2596.0,4153,5227,100.0,7,3139.0,703.8328571,1.837142857,3844.601429
211,15425.0,Macanal,Boyacá,0,0.0,0,0.0,0,0.0,0,0.0,0,2443,2738.0,5750,8521,99.8,0,0.0,0.0,0.0,0.0
212,15442.0,Maripí,Boyacá,0,0.0,0,0.0,0,0.0,0,0.0,0,2771,3056.0,5922,9931,95.0,0,0.0,0.0,0.0,0.0
213,15464.0,Mongua,Boyacá,0,0.0,0,0.0,0,0.0,0,0.0,0,1743,2273.0,4309,6619,99.5,0,0.0,0.0,0.0,0.0
214,15466.0,Monguí,Boyacá,0,0.0,0,0.0,0,0.0,0,0.0,0,2374,3387.0,7795,0,99.7,0,0.0,0.0,0.0,0.0
215,15476.0,Motavita,Boyacá,0,0.0,0,0.0,0,0.0,0,0.0,0,957,2034.0,3957,5860,99.3,0,0.0,0.0,0.0,0.0
216,15480.0,Muzo,Boyacá,193,114.92,95,69.92,1,0.7,289,185.55,1,1052,0.0,3679,2714,99.2,1,114.92,69.92,0.7,185.55
217,15491.0,Nobsa,Boyacá,0,0.0,0,0.0,0,0.0,0,0.0,0,1198,1064.0,1871,3018,99.7,0,0.0,0.0,0.0,0.0
218,15494.0,Nuevo Colón,Boyacá,0,0.0,0,0.0,0,0.0,0,0.0,0,1201,2029.0,9172,14038,99.1,0,0.0,0.0,0.0,0.0
219,15500.0,Oicatá,Boyacá,0,0.0,0,0.0,0,0.0,0,0.0,0,7543,5239.0,10526,0,99.1,0,0.0,0.0,0.0,0.0
220,15507.0,Otanche,Boyacá,0,0.0,0,0.0,0,0.0,0,0.0,0,0,0.0,0,0,99.2,0,0.0,0.0,0.0,0.0
221,15511.0,Pachavita,Boyacá,0,0.0,0,0.0,0,0.0,0,0.0,0,6574,11553.0,27106,0,99.7,0,0.0,0.0,0.0,0.0
222,15514.0,Páez,Boyacá,0,0.0,0,0.0,0,0.0,0,0.0,0,0,0.0,0,0,99.8,0,0.0,0.0,0.0,0.0
223,15516.0,Paipa,Boyacá,502,50.16,167,29.51,65,12.18,734,91.85,1,1797,2082.0,3483,5629,99.8,1,50.16,29.51,12.18,91.85
224,15518.0,Pajarito,Boyacá,0,0.0,0,0.0,0,0.0,0,0.0,0,2652,3366.0,5644,0,99.1,0,0.0,0.0,0.0,0.0
225,15522.0,Panqueba,Boyacá,0,0.0,0,0.0,0,0.0,0,0.0,0,2062,2407.0,5195,0,99.3,0,0.0,0.0,0.0,0.0
226,15533.0,Paya,Boyacá,0,0.0,0,0.0,0,0.0,0,0.0,0,1505,1477.0,3193,0,96.5,0,0.0,0.0,0.0,0.0
227,15537.0,Paz de Río,Boyacá,0,0.0,0,0.0,0,0.0,0,0.0,0,0,0.0,0,0,99.3,0,0.0,0.0,0.0,0.0
228,15550.0,Pisba,Boyacá,0,0.0,0,0.0,0,0.0,0,0.0,0,1370,1569.0,3000,3956,99.5,0,0.0,0.0,0.0,0.0
229,15572.0,Puerto Boyacá,Boyacá,651,325.19,283,388.06,8,4.01,942,717.26,1,0,0.0,0,0,99.9,3,108.3966667,129.3533333,1.336666667,239.0866667
230,15580.0,Quípama,Boyacá,0,0.0,0,0.0,0,0.0,0,0.0,0,0,0.0,0,0,96.0,0,0.0,0.0,0.0,0.0
231,15600.0,Ráquira,Boyacá,0,0.0,0,0.0,0,0.0,0,0.0,0,2576,2201.0,3336,4425,99.2,0,0.0,0.0,0.0,0.0
232,15621.0,Rondón,Boyacá,0,0.0,0,0.0,0,0.0,0,0.0,0,0,0.0,0,0,99.2,0,0.0,0.0,0.0,0.0
233,15632.0,Saboyá,Boyacá,8670,15542.67,2393,4940.19,111,16.54,11174,20499.4,1,859,1061.0,1938,0,99.5,7,2220.381429,705.7414286,2.362857143,2928.485714
234,15638.0,Sáchica,Boyacá,0,0.0,0,0.0,0,0.0,0,0.0,0,2245,2258.0,3703,0,99.5,0,0.0,0.0,0.0,0.0
235,15646.0,Samacá,Boyacá,0,0.0,0,0.0,0,0.0,0,0.0,0,1097,1660.0,2166,0,99.5,0,0.0,0.0,0.0,0.0
236,15660.0,San Eduardo,Boyacá,0,0.0,0,0.0,0,0.0,0,0.0,0,1668,0.0,2778,3388,99.2,0,0.0,0.0,0.0,0.0
237,15664.0,San José de Pare,Boyacá,0,0.0,0,0.0,0,0.0,0,0.0,0,1110,976.0,1366,0,96.8,0,0.0,0.0,0.0,0.0
238,15667.0,San Luis de Gaceno,Boyacá,4224,73669.71,3698,67976.33,27,56.94,7949,141702.98,1,0,0.0,0,0,99.8,8,9208.71375,8497.04125,7.1175,17712.8725
239,15673.0,San Mateo,Boyacá,0,0.0,0,0.0,0,0.0,0,0.0,0,3501,3763.0,5362,0,99.6,0,0.0,0.0,0.0,0.0
240,15676.0,San Miguel de Sema,Boyacá,0,0.0,0,0.0,0,0.0,0,0.0,0,0,0.0,0,0,99.9,0,0.0,0.0,0.0,0.0
241,15681.0,San Pablo de Borbur,Boyacá,0,0.0,0,0.0,0,0.0,0,0.0,0,0,0.0,0,0,98.3,0,0.0,0.0,0.0,0.0
242,15686.0,Santana,Boyacá,0,0.0,0,0.0,0,0.0,0,0.0,0,1010,1547.0,2392,0,98.4,0,0.0,0.0,0.0,0.0
243,15690.0,Santa María,Boyacá,0,0.0,0,0.0,0,0.0,0,0.0,0,0,0.0,0,0,100.0,0,0.0,0.0,0.0,0.0
244,15693.0,Santa Rosa de Viterbo,Boyacá,5618,28651.61,623,7066.39,342,112.22,6583,35830.24,1,985,1224.0,2566,0,100.0,7,4093.087143,1009.484286,16.03142857,5118.605714
245,15696.0,Santa Sofía,Boyacá,0,0.0,0,0.0,0,0.0,0,0.0,0,835,1506.0,2602,0,100.0,0,0.0,0.0,0.0,0.0
246,15720.0,Sativanorte,Boyacá,0,0.0,0,0.0,0,0.0,0,0.0,0,1694,1387.0,10755,2100,99.3,0,0.0,0.0,0.0,0.0
247,15723.0,Sativasur,Boyacá,0,0.0,0,0.0,0,0.0,0,0.0,0,3154,2569.0,1625,0,99.4,0,0.0,0.0,0.0,0.0
248,15740.0,Siachoque,Boyacá,0,0.0,0,0.0,0,0.0,0,0.0,0,420,327.0,661,0,99.4,0,0.0,0.0,0.0,0.0
249,15761.0,Somondoco,Boyacá,0,0.0,0,0.0,0,0.0,0,0.0,0,1579,1740.0,2549,0,99.9,0,0.0,0.0,0.0,0.0
250,15762.0,Sora,Boyacá,0,0.0,0,0.0,0,0.0,0,0.0,0,873,0.0,656,0,99.4,0,0.0,0.0,0.0,0.0
251,15763.0,Sotaquirá,Boyacá,0,0.0,0,0.0,0,0.0,0,0.0,0,1458,1645.0,2595,0,99.1,0,0.0,0.0,0.0,0.0
252,15764.0,Soracá,Boyacá,0,0.0,0,0.0,0,0.0,0,0.0,0,7384,9605.0,85038,19931,99.2,0,0.0,0.0,0.0,0.0
253,15774.0,Susacón,Boyacá,0,0.0,0,0.0,0,0.0,0,0.0,0,1352,397.0,1763,0,99.4,0,0.0,0.0,0.0,0.0
254,15776.0,Sutamarchán,Boyacá,0,0.0,0,0.0,0,0.0,0,0.0,0,2605,2768.0,3715,0,99.4,0,0.0,0.0,0.0,0.0
255,15778.0,Sutatenza,Boyacá,0,0.0,0,0.0,0,0.0,0,0.0,0,4215,3832.0,5270,0,98.7,0,0.0,0.0,0.0,0.0
256,15790.0,Tasco,Boyacá,0,0.0,0,0.0,0,0.0,0,0.0,0,780,997.0,2205,0,99.2,0,0.0,0.0,0.0,0.0
257,15798.0,Tenza,Boyacá,0,0.0,0,0.0,0,0.0,0,0.0,0,750,815.0,0,0,99.2,0,0.0,0.0,0.0,0.0
258,15804.0,Tibaná,Boyacá,1302,121.55,83,10.83,69,15.34,1454,147.72,1,965,1200.0,2230,0,99.5,1,121.55,10.83,15.34,147.72
259,15806.0,Tibasosa,Boyacá,0,0.0,0,0.0,0,0.0,0,0.0,0,1444,1899.0,4179,0,99.9,0,0.0,0.0,0.0,0.0
260,15808.0,Tinjacá,Boyacá,0,0.0,0,0.0,0,0.0,0,0.0,0,1028,1263.0,2293,0,99.4,0,0.0,0.0,0.0,0.0
261,15810.0,Tipacoque,Boyacá,0,0.0,0,0.0,0,0.0,0,0.0,0,2923,0.0,4018,4664,99.1,0,0.0,0.0,0.0,0.0
262,15814.0,Toca,Boyacá,1167,169.34,157,106.23,278,93.76,1602,369.32,1,1562,1646.0,1697,0,99.3,2,84.67,53.115,46.88,184.66
263,15816.0,Togüí,Boyacá,0,0.0,0,0.0,0,0.0,0,0.0,0,1512,1335.0,2320,0,99.8,0,0.0,0.0,0.0,0.0
264,15820.0,Tópaga,Boyacá,0,0.0,0,0.0,0,0.0,0,0.0,0,576,752.0,0,0,99.6,0,0.0,0.0,0.0,0.0
265,15822.0,Tota,Boyacá,0,0.0,0,0.0,0,0.0,0,0.0,0,672,885.0,1377,0,98.8,0,0.0,0.0,0.0,0.0
266,15832.0,Tununguá,Boyacá,0,0.0,0,0.0,0,0.0,0,0.0,0,2352,0.0,7652,28242,99.6,0,0.0,0.0,0.0,0.0
267,15835.0,Turmequé,Boyacá,0,0.0,0,0.0,0,0.0,0,0.0,0,5749,9001.0,31759,36039,99.9,0,0.0,0.0,0.0,0.0
268,15837.0,Tuta,Boyacá,0,0.0,0,0.0,0,0.0,0,0.0,0,3882,4000.0,5369,0,100.0,0,0.0,0.0,0.0,0.0
269,15839.0,Tutazá,Boyacá,0,0.0,0,0.0,0,0.0,0,0.0,0,1857,2176.0,3231,0,100.0,0,0.0,0.0,0.0,0.0
270,15842.0,Umbita,Boyacá,0,0.0,0,0.0,0,0.0,0,0.0,0,2330,2152.0,2948,0,99.3,0,0.0,0.0,0.0,0.0
271,15861.0,Ventaquemada,Boyacá,5868,21876.46,704,6873.83,297,87.84,6869,28838.14,1,2165,2010.0,2914,0,99.1,8,2734.5575,859.22875,10.98,3604.7675
272,15879.0,Viracachá,Boyacá,0,0.0,0,0.0,0,0.0,0,0.0,0,780,944.0,1622,0,100.0,0,0.0,0.0,0.0,0.0
273,15897.0,Zetaquira,Boyacá,0,0.0,0,0.0,0,0.0,0,0.0,0,1426,1715.0,2840,0,96.2,0,0.0,0.0,0.0,0.0
274,17050.0,Aranzazu,Caldas,4305,10403.25,1700,7174.12,243,31.83,6248,17609.19,1,2889,3359.0,5353,0,99.5,8,1300.40625,896.765,3.97875,2201.14875
275,17088.0,Belalcázar,Caldas,2877,32371.15,696,5479.46,45,20.35,3618,37870.99,1,3756,0.0,8459,7350,99.5,9,3596.794444,608.8288889,2.261111111,4207.887778
276,17174.0,Chinchiná,Caldas,1767,2961.29,618,2739.6,232,54.68,2617,5755.57,1,2757,2985.0,4968,0,99.6,7,423.0414286,391.3714286,7.811428571,822.2242857
277,17272.0,Filadelfia,Caldas,0,0.0,0,0.0,0,0.0,0,0.0,0,2859,3151.0,0,0,99.2,0,0.0,0.0,0.0,0.0
278,17388.0,La Merced,Caldas,0,0.0,0,0.0,0,0.0,0,0.0,0,6069,0.0,10180,10075,99.6,0,0.0,0.0,0.0,0.0
279,17442.0,Marmato,Caldas,0,0.0,0,0.0,0,0.0,0,0.0,0,836,1364.0,1126,0,99.5,0,0.0,0.0,0.0,0.0
280,17444.0,Marquetalia,Caldas,0,0.0,0,0.0,0,0.0,0,0.0,0,822,0.0,4316,2989,99.4,0,0.0,0.0,0.0,0.0
281,17446.0,Marulanda,Caldas,0,0.0,0,0.0,0,0.0,0,0.0,0,1525,1519.0,2790,0,99.7,0,0.0,0.0,0.0,0.0
282,17486.0,Neira,Caldas,800,944.24,359,1197.75,85,29.07,1244,2171.07,1,1843,1989.0,2421,0,99.9,6,157.3733333,199.625,4.845,361.845
283,17495.0,Norcasia,Caldas,0,0.0,0,0.0,0,0.0,0,0.0,0,3639,0.0,5749,5979,99.5,0,0.0,0.0,0.0,0.0
284,17513.0,Pácora,Caldas,2736,5517.86,1093,3579.33,128,19.55,3957,9116.73,1,0,0.0,0,0,99.8,7,788.2657143,511.3328571,2.792857143,1302.39
285,17524.0,Palestina,Caldas,543,4573.91,142,2403.78,52,35.54,737,7013.23,0,990,491.0,409,0,99.2,6,762.3183333,400.63,5.923333333,1168.871667
286,17616.0,Risaralda,Caldas,0,0.0,0,0.0,0,0.0,0,0.0,0,1368,0.0,4188,3743,99.1,0,0.0,0.0,0.0,0.0
287,17662.0,Samaná,Caldas,735,30.37,247,14.43,23,4.09,1005,48.89,1,2608,0.0,4534,4125,99.7,2,15.185,7.215,2.045,24.445
288,17665.0,San José,Caldas,0,0.0,0,0.0,0,0.0,0,0.0,0,4477,0.0,9420,8920,99.6,0,0.0,0.0,0.0,0.0
289,17777.0,Supía,Caldas,0,0.0,0,0.0,0,0.0,0,0.0,0,1235,1306.0,2019,0,99.4,0,0.0,0.0,0.0,0.0
290,17867.0,Victoria,Caldas,0,0.0,0,0.0,0,0.0,0,0.0,0,3056,0.0,4164,4694,99.2,0,0.0,0.0,0.0,0.0
291,17873.0,Villamaría,Caldas,0,0.0,0,0.0,0,0.0,0,0.0,0,1053,1371.0,2911,0,99.6,0,0.0,0.0,0.0,0.0
292,17877.0,Viterbo,Caldas,378,48.04,75,16.0,81,18.85,534,82.9,1,2451,0.0,4502,5303,99.1,3,16.01333333,5.333333333,6.283333333,27.63333333
293,18029.0,Albania,Caquetá,0,0.0,0,0.0,0,0.0,0,0.0,0,0,0.0,0,0,99.3,0,0.0,0.0,0.0,0.0
294,18094.0,Belén de Los Andaquies,Caquetá,757,139.53,352,172.24,72,39.85,1181,351.63,1,0,0.0,0,0,98.0,1,139.53,172.24,39.85,351.63
295,18150.0,Cartagena del Chairá,Caquetá,0,0.0,0,0.0,0,0.0,0,0.0,0,0,0.0,0,0,99.7,0,0.0,0.0,0.0,0.0
296,18205.0,Curillo,Caquetá,0,0.0,0,0.0,0,0.0,0,0.0,0,6666,0.0,11480,15803,99.8,0,0.0,0.0,0.0,0.0
297,18247.0,El Doncello,Caquetá,0,0.0,0,0.0,0,0.0,0,0.0,0,0,0.0,0,0,99.9,0,0.0,0.0,0.0,0.0
298,18256.0,El Paujil,Caquetá,0,0.0,0,0.0,0,0.0,0,0.0,0,0,0.0,0,0,99.2,0,0.0,0.0,0.0,0.0
299,18410.0,La Montañita,Caquetá,0,0.0,0,0.0,0,0.0,0,0.0,0,686,0.0,934,930,99.2,0,0.0,0.0,0.0,0.0
300,18460.0,Milán,Caquetá,0,0.0,0,0.0,0,0.0,0,0.0,0,0,0.0,0,0,99.5,0,0.0,0.0,0.0,0.0
301,18479.0,Morelia,Caquetá,0,0.0,0,0.0,0,0.0,0,0.0,0,0,0.0,0,0,99.2,0,0.0,0.0,0.0,0.0
302,18592.0,Puerto Rico,Caquetá,406,0.0,187,0.0,36,0.0,629,0.0,1,1984,3233.0,3279,0,99.7,1,0.0,0.0,0.0,0.0
303,18610.0,San José del Fragua,Caquetá,0,0.0,0,0.0,0,0.0,0,0.0,0,0,0.0,0,0,99.3,0,0.0,0.0,0.0,0.0
304,18753.0,San Vicente del Caguán,Caquetá,912,132.51,1004,162.03,144,27.91,2060,322.45,1,138,0.0,739,0,100.0,4,33.1275,40.5075,6.9775,80.6125
305,18756.0,Solano,Caquetá,325,0.0,247,0.0,1,0.0,573,0.0,1,677,0.0,1422,1492,99.2,1,0.0,0.0,0.0,0.0
306,18785.0,Solita,Caquetá,0,0.0,0,0.0,0,0.0,0,0.0,0,0,0.0,0,0,99.5,0,0.0,0.0,0.0,0.0
307,18860.0,Valparaíso,Caquetá,0,0.0,0,0.0,0,0.0,0,0.0,0,0,0.0,0,0,99.8,0,0.0,0.0,0.0,0.0
308,19022.0,Almaguer,Cauca,315,20.18,161,18.3,0,0.0,476,38.48,1,565,0.0,3112,0,94.9,1,20.18,18.3,0.0,38.48
309,19050.0,Argelia,Cauca,0,0.0,0,0.0,0,0.0,0,0.0,0,0,0.0,0,0,99.2,0,0.0,0.0,0.0,0.0
310,19075.0,Balboa,Cauca,0,0.0,0,0.0,0,0.0,0,0.0,0,740,0.0,1290,1335,99.9,0,0.0,0.0,0.0,0.0
311,19110.0,Buenos Aires,Cauca,0,0.0,0,0.0,0,0.0,0,0.0,0,887,0.0,1702,1872,99.2,0,0.0,0.0,0.0,0.0
312,19130.0,Cajibío,Cauca,0,0.0,0,0.0,0,0.0,0,0.0,0,3879,3861.0,2966,0,98.6,0,0.0,0.0,0.0,0.0
313,19137.0,Caldono,Cauca,0,0.0,0,0.0,0,0.0,0,0.0,0,1545,2255.0,5656,0,98.3,0,0.0,0.0,0.0,0.0
314,19142.0,Caloto(1)(3),Cauca,4320,13380.29,1758,14787.46,474,55.4,6552,28223.16,1,1541,1524.0,3297,0,99.1,9,1486.698889,1643.051111,6.155555556,3135.906667
315,19212.0,Corinto,Cauca,803,64.39,552,94.59,86,22.32,1441,181.3,1,3561,0.0,9964,13269,99.4,3,21.46333333,31.53,7.44,60.43333333
316,19290.0,Florencia,Cauca,0,0.0,0,0.0,0,0.0,0,0.0,0,0,0.0,0,0,99.9,0,0.0,0.0,0.0,0.0
317,19300.0,Guachené (1),Cauca,0,0.0,0,0.0,0,0.0,0,0.0,0,0,0.0,0,0,99.6,0,0.0,0.0,0.0,0.0
318,19318.0,Guapi,Cauca,21,0.72,0,0.0,0,0.0,21,0.72,1,641,0.0,2610,0,93.8,1,0.72,0.0,0.0,0.72
319,19355.0,Inzá,Cauca,0,0.0,0,0.0,0,0.0,0,0.0,0,657,885.0,0,0,99.4,0,0.0,0.0,0.0,0.0
320,19364.0,Jambaló,Cauca,0,0.0,0,0.0,0,0.0,0,0.0,0,1056,915.0,3237,0,97.4,0,0.0,0.0,0.0,0.0
321,19392.0,La Sierra,Cauca,0,0.0,0,0.0,0,0.0,0,0.0,0,1233,1731.0,5835,0,99.4,0,0.0,0.0,0.0,0.0
322,19397.0,La Vega,Cauca,0,0.0,0,0.0,0,0.0,0,0.0,0,1057,1345.0,2227,0,99.9,0,0.0,0.0,0.0,0.0
323,19418.0,López,Cauca,0,0.0,0,0.0,0,0.0,0,0.0,0,986,0.0,1984,0,95.2,0,0.0,0.0,0.0,0.0
324,19450.0,Mercaderes,Cauca,288,27.65,184,36.62,10,1.84,482,66.11,1,632,881.0,0,0,98.6,1,27.65,36.62,1.84,66.11
325,19455.0,Miranda,Cauca,443,49.47,166,61.24,118,26.62,727,137.33,1,749,0.0,1763,0,99.9,3,16.49,20.41333333,8.873333333,45.77666667
326,19473.0,Morales,Cauca,0,0.0,0,0.0,0,0.0,0,0.0,0,1319,1686.0,2682,0,99.3,0,0.0,0.0,0.0,0.0
327,19513.0,Padilla,Cauca,0,0.0,0,0.0,0,0.0,0,0.0,0,7373,0.0,11195,15103,99.6,0,0.0,0.0,0.0,0.0
328,19517.0,Paez,Cauca,699,43.61,768,115.04,3,0.35,1470,159.0,1,3780,4831.0,7613,0,99.0,4,10.9025,28.76,0.0875,39.75
329,19532.0,Patía,Cauca,904,67.35,670,123.78,82,10.91,1656,202.05,1,8772,0.0,8094,8931,99.5,3,22.45,41.26,3.636666667,67.35
330,19533.0,Piamonte,Cauca,0,0.0,0,0.0,0,0.0,0,0.0,0,2413,0.0,3275,0,100.0,0,0.0,0.0,0.0,0.0
331,19548.0,Piendamó,Cauca,4365,292.62,722,159.44,624,142.88,5711,594.95,1,189,689.0,911,0,99.3,5,58.524,31.888,28.576,118.99
332,19585.0,Puracé,Cauca,0,0.0,0,0.0,0,0.0,0,0.0,0,723,1021.0,2168,0,99.4,0,0.0,0.0,0.0,0.0
333,19622.0,Rosas,Cauca,0,0.0,0,0.0,0,0.0,0,0.0,0,1420,2353.0,17292,0,99.3,0,0.0,0.0,0.0,0.0
334,19693.0,San Sebastián,Cauca,0,0.0,0,0.0,0,0.0,0,0.0,0,305,362.0,586,0,99.5,0,0.0,0.0,0.0,0.0
335,19701.0,Santa Rosa,Cauca,0,0.0,0,0.0,0,0.0,0,0.0,0,1547,0.0,2111,2176,99.7,0,0.0,0.0,0.0,0.0
336,19743.0,Silvia,Cauca,0,0.0,0,0.0,0,0.0,0,0.0,0,3183,5474.0,6840,0,100.0,0,0.0,0.0,0.0,0.0
337,19760.0,Sotara,Cauca,0,0.0,0,0.0,0,0.0,0,0.0,0,0,0.0,0,0,99.6,0,0.0,0.0,0.0,0.0
338,19780.0,Suárez,Cauca,0,0.0,0,0.0,0,0.0,0,0.0,0,2977,0.0,6340,9147,100.0,0,0.0,0.0,0.0,0.0
339,19785.0,Sucre,Cauca,0,0.0,0,0.0,0,0.0,0,0.0,0,0,0.0,0,0,95.3,0,0.0,0.0,0.0,0.0
340,19807.0,Timbío,Cauca,5115,8546.01,1423,6455.72,917,144.57,7455,15146.29,1,177,220.0,554,0,99.3,7,1220.858571,922.2457143,20.65285714,2163.755714
341,19809.0,Timbiquí,Cauca,0,0.0,0,0.0,0,0.0,0,0.0,0,1363,0.0,1026,0,93.3,0,0.0,0.0,0.0,0.0
342,19821.0,Toribio,Cauca,0,0.0,0,0.0,0,0.0,0,0.0,0,3189,3439.0,12686,0,98.0,0,0.0,0.0,0.0,0.0
343,19824.0,Totoró,Cauca,0,0.0,0,0.0,0,0.0,0,0.0,0,1937,1959.0,3843,0,99.6,0,0.0,0.0,0.0,0.0
344,19845.0,Villa Rica,Cauca,0,0.0,0,0.0,0,0.0,0,0.0,0,1438,0.0,2103,2226,99.1,0,0.0,0.0,0.0,0.0
345,20011.0,Aguachica,Cesar,1956,154.17,1190,216.8,532,72.91,3678,443.9,1,0,0.0,10420,13742,99.8,5,30.834,43.36,14.582,88.78
346,20013.0,Agustín Codazzi,Cesar,1164,0.0,983,0.0,51,0.0,2198,0.0,1,0,0.0,0,0,98.5,6,0.0,0.0,0.0,0.0
347,20032.0,Astrea,Cesar,0,0.0,0,0.0,0,0.0,0,0.0,0,14162,0.0,56592,86181,98.0,0,0.0,0.0,0.0,0.0
348,20045.0,Becerril,Cesar,0,0.0,0,0.0,0,0.0,0,0.0,0,0,0.0,0,0,99.5,0,0.0,0.0,0.0,0.0
349,20060.0,Bosconia,Cesar,0,0.0,0,0.0,0,0.0,0,0.0,0,0,0.0,0,0,99.7,0,0.0,0.0,0.0,0.0
350,20175.0,Chimichagua,Cesar,0,0.0,0,0.0,0,0.0,0,0.0,0,2025,0.0,3644,3759,95.7,0,0.0,0.0,0.0,0.0
351,20228.0,Curumaní,Cesar,0,0.0,0,0.0,0,0.0,0,0.0,0,0,0.0,0,0,99.1,0,0.0,0.0,0.0,0.0
352,20238.0,El Copey,Cesar,0,0.0,0,0.0,0,0.0,0,0.0,0,0,0.0,0,0,98.3,0,0.0,0.0,0.0,0.0
353,20250.0,El Paso,Cesar,0,0.0,0,0.0,0,0.0,0,0.0,0,0,0.0,0,0,99.5,0,0.0,0.0,0.0,0.0
354,20295.0,Gamarra,Cesar,0,0.0,0,0.0,0,0.0,0,0.0,0,2626,0.0,5175,5474,97.8,0,0.0,0.0,0.0,0.0
355,20310.0,González,Cesar,0,0.0,0,0.0,0,0.0,0,0.0,0,1446,2078.0,2092,0,91.1,0,0.0,0.0,0.0,0.0
356,20383.0,La Gloria,Cesar,0,0.0,0,0.0,0,0.0,0,0.0,0,3621,3273.0,7025,0,96.1,0,0.0,0.0,0.0,0.0
357,20400.0,La Jagua de Ibirico,Cesar,0,0.0,0,0.0,0,0.0,0,0.0,0,0,0.0,0,0,99.3,0,0.0,0.0,0.0,0.0
358,20443.0,Manaure,Cesar,0,0.0,0,0.0,0,0.0,0,0.0,0,0,0.0,0,0,99.5,0,0.0,0.0,0.0,0.0
359,20517.0,Pailitas,Cesar,0,0.0,0,0.0,0,0.0,0,0.0,0,0,0.0,0,0,96.9,0,0.0,0.0,0.0,0.0
360,20550.0,Pelaya,Cesar,0,0.0,0,0.0,0,0.0,0,0.0,0,0,0.0,0,0,94.7,0,0.0,0.0,0.0,0.0
361,20570.0,Pueblo Bello,Cesar,0,0.0,0,0.0,0,0.0,0,0.0,0,0,0.0,0,0,98.7,0,0.0,0.0,0.0,0.0
362,20614.0,Río de Oro,Cesar,0,0.0,0,0.0,0,0.0,0,0.0,0,1888,0.0,3034,0,93.6,0,0.0,0.0,0.0,0.0
363,20621.0,La Paz,Cesar,429,389.81,370,691.87,29,51.78,828,1133.46,1,0,0.0,0,0,99.2,1,389.81,691.87,51.78,1133.46
364,20710.0,San Alberto,Cesar,0,0.0,0,0.0,0,0.0,0,0.0,0,2329,0.0,4635,6074,100.0,0,0.0,0.0,0.0,0.0
365,20750.0,San Diego,Cesar,0,0.0,0,0.0,0,0.0,0,0.0,0,0,0.0,0,0,99.2,0,0.0,0.0,0.0,0.0
366,20770.0,San Martín,Cesar,0,0.0,0,0.0,0,0.0,0,0.0,0,0,0.0,0,0,98.4,0,0.0,0.0,0.0,0.0
367,20787.0,Tamalameque,Cesar,262,85.71,238,173.23,30,13.13,530,272.07,1,0,0.0,0,0,97.1,1,85.71,173.23,13.13,272.07
368,23079.0,Buenavista,Córdoba,0,0.0,0,0.0,0,0.0,0,0.0,0,0,0.0,0,0,94.8,0,0.0,0.0,0.0,0.0
369,23090.0,Canalete,Córdoba,0,0.0,0,0.0,0,0.0,0,0.0,0,0,0.0,0,0,93.8,0,0.0,0.0,0.0,0.0
370,23168.0,Chimá (1) (3),Córdoba,0,0.0,0,0.0,0,0.0,0,0.0,0,243,260.0,416,0,90.6,0,0.0,0.0,0.0,0.0
371,23182.0,Chinú,Córdoba,1402,54.59,682,108.1,8,4.48,2092,167.16,1,1592,0.0,4809,0,96.6,3,18.19666667,36.03333333,1.493333333,55.72
372,23189.0,Ciénaga de Oro,Córdoba,1877,3190.2,1576,8154.81,11,5.43,3464,11350.45,1,825,276.0,4403,0,93.2,7,455.7428571,1164.972857,0.775714286,1621.492857
373,23300.0,Cotorra,Córdoba,0,0.0,0,0.0,0,0.0,0,0.0,0,0,0.0,0,0,97.7,0,0.0,0.0,0.0,0.0
374,23350.0,La Apartada,Córdoba,0,0.0,0,0.0,0,0.0,0,0.0,0,0,0.0,0,0,94.7,0,0.0,0.0,0.0,0.0
375,23419.0,Los Córdobas,Córdoba,0,0.0,0,0.0,0,0.0,0,0.0,0,0,0.0,0,0,95.2,0,0.0,0.0,0.0,0.0
376,23464.0,Momil,Córdoba,0,0.0,0,0.0,0,0.0,0,0.0,0,0,0.0,0,0,96.8,0,0.0,0.0,0.0,0.0
377,23466.0,Montelíbano(1)(3),Córdoba,752,135.43,562,254.2,5,1.31,1319,390.95,1,0,0.0,0,0,99.7,4,33.8575,63.55,0.3275,97.7375
378,23500.0,Moñitos,Córdoba,0,0.0,0,0.0,0,0.0,0,0.0,0,0,0.0,0,0,95.9,0,0.0,0.0,0.0,0.0
379,23555.0,Planeta Rica,Córdoba,618,57.37,322,132.15,4,2.05,944,191.57,1,1862,0.0,2724,3444,98.4,1,57.37,132.15,2.05,191.57
380,23570.0,Pueblo Nuevo,Córdoba,471,80.98,233,136.7,25,6.75,729,224.43,1,0,0.0,0,0,94.6,1,80.98,136.7,6.75,224.43
381,23574.0,Puerto Escondido,Córdoba,0,0.0,0,0.0,0,0.0,0,0.0,0,0,0.0,0,0,96.0,0,0.0,0.0,0.0,0.0
382,23580.0,Puerto Libertador,Córdoba,0,0.0,0,0.0,0,0.0,0,0.0,0,0,0.0,0,0,95.6,0,0.0,0.0,0.0,0.0
383,23586.0,Purísima,Córdoba,0,0.0,0,0.0,0,0.0,0,0.0,0,2683,1017.0,2468,0,94.0,0,0.0,0.0,0.0,0.0
384,23670.0,San Andrés Sotavento (1) (3),Córdoba,1309,90.01,502,163.82,23,5.57,1834,259.4,1,3389,3059.0,5307,0,95.9,3,30.00333333,54.60666667,1.856666667,86.46666667
385,23672.0,San Antero,Córdoba,0,0.0,0,0.0,0,0.0,0,0.0,0,0,0.0,0,0,97.9,0,0.0,0.0,0.0,0.0
386,23675.0,San Bernardo del Viento,Córdoba,2128,241.41,411,202.74,15,5.14,2554,449.29,1,0,0.0,0,0,96.2,3,80.47,67.58,1.713333333,149.7633333
387,23678.0,San Carlos,Córdoba,0,0.0,0,0.0,0,0.0,0,0.0,0,832,999.0,1717,0,94.7,0,0.0,0.0,0.0,0.0
388,23682.0,San José de Uré(1),Córdoba,0,0.0,0,0.0,0,0.0,0,0.0,0,0,0.0,0,0,94.8,0,0.0,0.0,0.0,0.0
389,23686.0,San Pelayo,Córdoba,438,47.46,266,76.23,2,2.5,706,126.19,1,1845,1626.0,2913,0,99.4,1,47.46,76.23,2.5,126.19
390,23815.0,Tuchín (1) (5),Córdoba,0,0.0,0,0.0,0,0.0,0,0.0,0,0,0.0,0,0,92.3,0,0.0,0.0,0.0,0.0
391,23855.0,Valencia,Córdoba,0,0.0,0,0.0,0,0.0,0,0.0,0,0,0.0,0,0,95.2,0,0.0,0.0,0.0,0.0
392,25001.0,Agua de Dios,Cundinamarca,0,0.0,0,0.0,0,0.0,0,0.0,0,3444,0.0,14259,17511,99.5,0,0.0,0.0,0.0,0.0
393,25019.0,Albán,Cundinamarca,0,0.0,0,0.0,0,0.0,0,0.0,0,1285,1137.0,1214,0,99.8,0,0.0,0.0,0.0,0.0
394,25035.0,Anapoima,Cundinamarca,0,0.0,0,0.0,0,0.0,0,0.0,0,1382,1959.0,2749,0,99.1,0,0.0,0.0,0.0,0.0
395,25086.0,Beltrán,Cundinamarca,0,0.0,0,0.0,0,0.0,0,0.0,0,2709,2839.0,5035,0,99.6,0,0.0,0.0,0.0,0.0
396,25095.0,Bituima,Cundinamarca,0,0.0,0,0.0,0,0.0,0,0.0,0,3634,3758.0,5593,0,99.1,0,0.0,0.0,0.0,0.0
397,25099.0,Bojacá,Cundinamarca,0,0.0,0,0.0,0,0.0,0,0.0,0,7879,12606.0,29403,46213,99.6,0,0.0,0.0,0.0,0.0
398,25120.0,Cabrera,Cundinamarca,1494,234.12,3600,616.57,170,118.65,5264,969.34,1,0,0.0,0,0,99.7,4,58.53,154.1425,29.6625,242.335
399,25123.0,Cachipay,Cundinamarca,1529,4953.52,328,4037.51,250,146.45,2107,9137.48,1,0,0.0,4276,5343,99.5,6,825.5866667,672.9183333,24.40833333,1522.913333
400,25126.0,Cajicá,Cundinamarca,0,0.0,0,0.0,0,0.0,0,0.0,0,2694,2414.0,3338,0,99.7,0,0.0,0.0,0.0,0.0
401,25148.0,Caparrapí,Cundinamarca,0,0.0,0,0.0,0,0.0,0,0.0,0,0,0.0,4866,5116,98.4,0,0.0,0.0,0.0,0.0
402,25151.0,Caqueza,Cundinamarca,8692,24014.82,1048,4850.28,309,59.62,10049,28924.71,1,475,583.0,0,0,99.9,9,2668.313333,538.92,6.624444444,3213.856667
403,25154.0,Carmen de Carupa,Cundinamarca,0,0.0,0,0.0,0,0.0,0,0.0,0,712,829.0,0,0,99.7,0,0.0,0.0,0.0,0.0
404,25168.0,Chaguaní,Cundinamarca,0,0.0,0,0.0,0,0.0,0,0.0,0,1713,2106.0,3690,0,98.9,0,0.0,0.0,0.0,0.0
405,25178.0,Chipaque,Cundinamarca,0,0.0,0,0.0,0,0.0,0,0.0,0,954,1018.0,2107,0,99.8,0,0.0,0.0,0.0,0.0
406,25181.0,Choachí,Cundinamarca,0,0.0,0,0.0,0,0.0,0,0.0,0,1488,1935.0,3259,0,99.2,0,0.0,0.0,0.0,0.0
407,25200.0,Cogua,Cundinamarca,0,0.0,0,0.0,0,0.0,0,0.0,0,0,0.0,0,0,99.1,0,0.0,0.0,0.0,0.0
408,25214.0,Cota,Cundinamarca,0,0.0,0,0.0,0,0.0,0,0.0,0,1919,2685.0,4221,0,99.3,0,0.0,0.0,0.0,0.0
409,25224.0,Cucunubá,Cundinamarca,0,0.0,0,0.0,0,0.0,0,0.0,0,259,0.0,0,0,99.8,0,0.0,0.0,0.0,0.0
410,25245.0,El Colegio,Cundinamarca,3456,8202.09,701,7826.57,381,57.31,4538,16085.95,1,2653,2189.0,3264,0,100.0,7,1171.727143,1118.081429,8.187142857,2297.992857
411,25258.0,El Peñón,Cundinamarca,0,0.0,0,0.0,0,0.0,0,0.0,0,2098,2856.0,5032,0,97.6,0,0.0,0.0,0.0,0.0
412,25260.0,El Rosal,Cundinamarca,0,0.0,0,0.0,0,0.0,0,0.0,0,0,2672.0,7940,11915,99.3,0,0.0,0.0,0.0,0.0
413,25281.0,Fosca,Cundinamarca,0,0.0,0,0.0,0,0.0,0,0.0,0,2095,2277.0,4100,0,100.0,0,0.0,0.0,0.0,0.0
414,25286.0,Funza,Cundinamarca,0,0.0,0,0.0,0,0.0,0,0.0,0,855,1211.0,2182,0,99.6,0,0.0,0.0,0.0,0.0
415,25288.0,Fúquene,Cundinamarca,0,0.0,0,0.0,0,0.0,0,0.0,0,1380,1612.0,1813,0,99.9,0,0.0,0.0,0.0,0.0
416,25293.0,Gachala,Cundinamarca,5028,19820.25,1309,6485.12,98,30.34,6435,26335.7,1,1288,1504.0,2124,0,99.9,8,2477.53125,810.64,3.7925,3291.9625
417,25295.0,Gachancipá,Cundinamarca,0,0.0,0,0.0,0,0.0,0,0.0,0,625,0.0,2391,0,99.7,0,0.0,0.0,0.0,0.0
418,25299.0,Gama,Cundinamarca,0,0.0,0,0.0,0,0.0,0,0.0,0,1481,2169.0,4370,0,99.8,0,0.0,0.0,0.0,0.0
419,25312.0,Granada,Cundinamarca,0,0.0,0,0.0,0,0.0,0,0.0,0,0,0.0,0,0,99.2,0,0.0,0.0,0.0,0.0
420,25317.0,Guachetá,Cundinamarca,0,0.0,0,0.0,0,0.0,0,0.0,0,927,581.0,1161,0,99.2,0,0.0,0.0,0.0,0.0
421,25320.0,Guaduas,Cundinamarca,2224,4595.05,808,5191.71,310,70.29,3342,9857.03,1,1838,1911.0,4100,0,99.3,7,656.4357143,741.6728571,10.04142857,1408.147143
422,25324.0,Guataquí,Cundinamarca,0,0.0,0,0.0,0,0.0,0,0.0,0,1284,1477.0,2035,0,98.8,0,0.0,0.0,0.0,0.0
423,25328.0,Guayabal de Siquima,Cundinamarca,170,48.57,28,8.23,48,24.66,246,81.46,1,1153,1607.0,3003,0,99.1,1,48.57,8.23,24.66,81.46
424,25335.0,Guayabetal,Cundinamarca,0,0.0,0,0.0,0,0.0,0,0.0,0,0,0.0,0,0,99.7,0,0.0,0.0,0.0,0.0
425,25339.0,Gutiérrez,Cundinamarca,0,0.0,0,0.0,0,0.0,0,0.0,0,16303,15899.0,20804,20634,99.1,0,0.0,0.0,0.0,0.0
426,25368.0,Jerusalén,Cundinamarca,0,0.0,0,0.0,0,0.0,0,0.0,0,13723,13225.0,22901,20053,99.6,0,0.0,0.0,0.0,0.0
427,25372.0,Junín,Cundinamarca,0,0.0,0,0.0,0,0.0,0,0.0,0,9835,10840.0,9342,0,99.6,0,0.0,0.0,0.0,0.0
428,25402.0,La Vega,Cundinamarca,1095,162.72,245,62.21,139,58.07,1479,283.0,1,0,11865.0,16516,0,99.8,3,54.24,20.73666667,19.35666667,94.33333333
429,25407.0,Lenguazaque,Cundinamarca,0,0.0,0,0.0,0,0.0,0,0.0,0,28769,43451.0,47832,0,99.8,0,0.0,0.0,0.0,0.0
430,25426.0,Macheta,Cundinamarca,798,85.78,96,18.21,8,1.67,902,105.66,1,6305,6130.0,7522,0,100.0,1,85.78,18.21,1.67,105.66
431,25430.0,Madrid,Cundinamarca,0,0.0,0,0.0,0,0.0,0,0.0,0,5129,6968.0,9466,8802,99.3,0,0.0,0.0,0.0,0.0
432,25436.0,Manta,Cundinamarca,0,0.0,0,0.0,0,0.0,0,0.0,0,14159,7069.0,18996,0,99.4,0,0.0,0.0,0.0,0.0
433,25438.0,Medina,Cundinamarca,2807,23615.26,4773,19420.03,7,1.61,7587,43036.95,1,56326,82190.0,77973,176335,99.3,8,2951.9075,2427.50375,0.20125,5379.61875
434,25473.0,Mosquera,Cundinamarca,0,0.0,0,0.0,0,0.0,0,0.0,0,9731,7634.0,16154,17121,99.8,0,0.0,0.0,0.0,0.0
435,25483.0,Nariño,Cundinamarca,0,0.0,0,0.0,0,0.0,0,0.0,0,1871,2336.0,2217,3341,98.4,0,0.0,0.0,0.0,0.0
436,25486.0,Nemocón,Cundinamarca,0,0.0,0,0.0,0,0.0,0,0.0,0,7790,8570.0,11346,0,99.7,0,0.0,0.0,0.0,0.0
437,25488.0,Nilo,Cundinamarca,0,0.0,0,0.0,0,0.0,0,0.0,0,2649,2709.0,3553,3397,99.4,0,0.0,0.0,0.0,0.0
438,25489.0,Nimaima,Cundinamarca,0,0.0,0,0.0,0,0.0,0,0.0,0,6221,8575.0,11080,0,97.2,0,0.0,0.0,0.0,0.0
439,25491.0,Nocaima,Cundinamarca,1346,8235.55,360,7227.75,142,112.74,1848,15576.05,1,11213,11492.0,11131,16590,99.3,7,1176.507143,1032.535714,16.10571429,2225.15
440,25506.0,Venecia,Cundinamarca,0,0.0,0,0.0,0,0.0,0,0.0,0,0,0.0,0,0,99.6,0,0.0,0.0,0.0,0.0
441,25518.0,Paime,Cundinamarca,0,0.0,0,0.0,0,0.0,0,0.0,0,4200,4925.0,6335,9131,97.0,0,0.0,0.0,0.0,0.0
442,25524.0,Pandi,Cundinamarca,0,0.0,0,0.0,0,0.0,0,0.0,0,0,0.0,0,0,99.4,0,0.0,0.0,0.0,0.0
443,25530.0,Paratebueno,Cundinamarca,0,0.0,0,0.0,0,0.0,0,0.0,0,0,0.0,0,0,99.6,0,0.0,0.0,0.0,0.0
444,25535.0,Pasca,Cundinamarca,3074,4297.09,1455,2946.66,192,65.63,4721,7309.37,1,11275,16907.0,18263,19398,100.0,6,716.1816667,491.11,10.93833333,1218.228333
445,25572.0,Puerto Salgar,Cundinamarca,0,0.0,0,0.0,0,0.0,0,0.0,0,0,0.0,9109,17718,100.0,0,0.0,0.0,0.0,0.0
446,25580.0,Pulí,Cundinamarca,0,0.0,0,0.0,0,0.0,0,0.0,0,36613,9924.0,123895,0,98.5,0,0.0,0.0,0.0,0.0
447,25592.0,Quebradanegra,Cundinamarca,0,0.0,0,0.0,0,0.0,0,0.0,0,1498,2503.0,3963,0,99.0,0,0.0,0.0,0.0,0.0
448,25594.0,Quetame,Cundinamarca,0,0.0,0,0.0,0,0.0,0,0.0,0,7197,9747.0,11182,0,99.6,0,0.0,0.0,0.0,0.0
449,25596.0,Quipile,Cundinamarca,370,33.02,67,5.72,42,9.39,479,48.13,1,14079,18965.0,25369,23359,98.1,1,33.02,5.72,9.39,48.13
450,25599.0,Apulo,Cundinamarca,0,0.0,0,0.0,0,0.0,0,0.0,0,0,0.0,0,0,99.5,0,0.0,0.0,0.0,0.0
451,25612.0,Ricaurte,Cundinamarca,0,0.0,0,0.0,0,0.0,0,0.0,0,14562,16486.0,22941,22688,100.0,0,0.0,0.0,0.0,0.0
452,25645.0,San Antonio del Tequendama,Cundinamarca,0,0.0,0,0.0,0,0.0,0,0.0,0,4053,4084.0,4064,0,99.3,0,0.0,0.0,0.0,0.0
453,25649.0,San Bernardo,Cundinamarca,0,0.0,0,0.0,0,0.0,0,0.0,0,0,0.0,0,0,99.3,0,0.0,0.0,0.0,0.0
454,25653.0,San Cayetano,Cundinamarca,0,0.0,0,0.0,0,0.0,0,0.0,0,6550,7461.0,12771,14682,99.9,0,0.0,0.0,0.0,0.0
455,25658.0,San Francisco,Cundinamarca,2876,24353.54,1000,15428.66,338,180.19,4214,39962.38,1,7133,9390.0,14994,26595,99.3,7,3479.077143,2204.094286,25.74142857,5708.911429
456,25736.0,Sesquilé,Cundinamarca,0,0.0,0,0.0,0,0.0,0,0.0,0,10508,9747.0,17647,0,99.9,0,0.0,0.0,0.0,0.0
457,25740.0,Sibaté,Cundinamarca,0,0.0,0,0.0,0,0.0,0,0.0,0,0,0.0,0,0,99.8,0,0.0,0.0,0.0,0.0
458,25743.0,Silvania,Cundinamarca,0,0.0,0,0.0,0,0.0,0,0.0,0,0,0.0,3203,4859,99.7,0,0.0,0.0,0.0,0.0
459,25745.0,Simijaca,Cundinamarca,0,0.0,0,0.0,0,0.0,0,0.0,0,6073,5921.0,9678,10392,99.8,0,0.0,0.0,0.0,0.0
460,25769.0,Subachoque,Cundinamarca,2267,26260.74,706,16585.4,67,36.27,3040,42882.42,1,0,4297.0,5891,10041,99.2,7,3751.534286,2369.342857,5.181428571,6126.06
461,25772.0,Suesca,Cundinamarca,0,0.0,0,0.0,0,0.0,0,0.0,0,6601,8518.0,9933,11748,99.7,0,0.0,0.0,0.0,0.0
462,25777.0,Supatá,Cundinamarca,0,0.0,0,0.0,0,0.0,0,0.0,0,0,1920.0,0,6996,100.0,0,0.0,0.0,0.0,0.0
463,25779.0,Susa,Cundinamarca,0,0.0,0,0.0,0,0.0,0,0.0,0,6590,9246.0,0,5655,99.5,0,0.0,0.0,0.0,0.0
464,25781.0,Sutatausa,Cundinamarca,0,0.0,0,0.0,0,0.0,0,0.0,0,0,2439.0,3670,13312,99.2,0,0.0,0.0,0.0,0.0
465,25785.0,Tabio,Cundinamarca,0,0.0,0,0.0,0,0.0,0,0.0,0,0,2238.0,0,10315,99.1,0,0.0,0.0,0.0,0.0
466,25793.0,Tausa,Cundinamarca,0,0.0,0,0.0,0,0.0,0,0.0,0,0,0.0,584,2420,100.0,0,0.0,0.0,0.0,0.0
467,25797.0,Tena,Cundinamarca,0,0.0,0,0.0,0,0.0,0,0.0,0,3848,3050.0,5506,5680,99.5,0,0.0,0.0,0.0,0.0
468,25799.0,Tenjo,Cundinamarca,0,0.0,0,0.0,0,0.0,0,0.0,0,10310,11833.0,19408,20991,100.0,0,0.0,0.0,0.0,0.0
469,25805.0,Tibacuy,Cundinamarca,0,0.0,0,0.0,0,0.0,0,0.0,0,3569,4956.0,9451,11788,99.5,0,0.0,0.0,0.0,0.0
470,25807.0,Tibirita,Cundinamarca,0,0.0,0,0.0,0,0.0,0,0.0,0,3639,4546.0,8485,9860,99.5,0,0.0,0.0,0.0,0.0
471,25815.0,Tocaima,Cundinamarca,1658,2704.14,462,3149.78,68,32.89,2188,5886.81,1,2253,2722.0,6400,5344,99.4,6,450.69,524.9633333,5.481666667,981.135
472,25817.0,Tocancipá,Cundinamarca,0,0.0,0,0.0,0,0.0,0,0.0,0,4688,6597.0,11923,10242,99.2,0,0.0,0.0,0.0,0.0
473,25823.0,Topaipí,Cundinamarca,0,0.0,0,0.0,0,0.0,0,0.0,0,0,0.0,3960,3999,95.4,0,0.0,0.0,0.0,0.0
474,25839.0,Ubalá,Cundinamarca,0,0.0,0,0.0,0,0.0,0,0.0,0,3040,5684.0,8295,10554,100.0,0,0.0,0.0,0.0,0.0
475,25841.0,Ubaque,Cundinamarca,0,0.0,0,0.0,0,0.0,0,0.0,0,1601,2131.0,2665,4368,99.2,0,0.0,0.0,0.0,0.0
476,25851.0,Útica,Cundinamarca,751,1408.67,434,3343.84,34,78.81,1219,4831.32,1,578,413.0,931,299,97.7,6,234.7783333,557.3066667,13.135,805.22
477,25867.0,Vianí,Cundinamarca,0,0.0,0,0.0,0,0.0,0,0.0,0,3782,4215.0,6416,8062,99.1,0,0.0,0.0,0.0,0.0
478,25871.0,Villagómez,Cundinamarca,0,0.0,0,0.0,0,0.0,0,0.0,0,0,0.0,0,0,99.7,0,0.0,0.0,0.0,0.0
479,25873.0,Villapinzón,Cundinamarca,0,0.0,0,0.0,0,0.0,0,0.0,0,1829,4204.0,7377,9913,99.6,0,0.0,0.0,0.0,0.0
480,25878.0,Viotá,Cundinamarca,3299,9526.54,512,4235.48,567,97.08,4378,13859.1,1,1395,2268.0,3947,4822,100.0,7,1360.934286,605.0685714,13.86857143,1979.871429
481,25885.0,Yacopí,Cundinamarca,0,0.0,0,0.0,0,0.0,0,0.0,0,3459,1404.0,5701,4617,90.6,0,0.0,0.0,0.0,0.0
482,25898.0,Zipacón,Cundinamarca,0,0.0,0,0.0,0,0.0,0,0.0,0,4105,6378.0,12128,15652,99.1,0,0.0,0.0,0.0,0.0
483,27006.0,Acandí,Chocó,0,0.0,0,0.0,0,0.0,0,0.0,0,0,3693.0,4541,5380,99.5,0,0.0,0.0,0.0,0.0
484,27025.0,Alto Baudo,Chocó,0,0.0,0,0.0,0,0.0,0,0.0,0,0,0.0,0,0,91.4,0,0.0,0.0,0.0,0.0
485,27050.0,Atrato,Chocó,0,0.0,0,0.0,0,0.0,0,0.0,0,0,0.0,0,0,93.6,0,0.0,0.0,0.0,0.0
486,27073.0,Bagadó,Chocó,0,0.0,0,0.0,0,0.0,0,0.0,0,4411,6324.0,6665,14230,94.2,0,0.0,0.0,0.0,0.0
487,27075.0,Bahía Solano,Chocó,0,0.0,0,0.0,0,0.0,0,0.0,0,0,9365.0,8477,6457,99.3,0,0.0,0.0,0.0,0.0
488,27077.0,Bajo Baudó,Chocó,0,0.0,0,0.0,0,0.0,0,0.0,0,0,0.0,0,0,94.8,0,0.0,0.0,0.0,0.0
489,27099.0,Bojaya,Chocó,0,0.0,0,0.0,0,0.0,0,0.0,0,0,0.0,0,0,90.3,0,0.0,0.0,0.0,0.0
490,27135.0,El Cantón del San Pablo,Chocó,0,0.0,0,0.0,0,0.0,0,0.0,0,0,0.0,0,0,94.0,0,0.0,0.0,0.0,0.0
491,27150.0,Carmen del Darien,Chocó,0,0.0,0,0.0,0,0.0,0,0.0,0,0,0.0,98271,151548,93.2,0,0.0,0.0,0.0,0.0
492,27160.0,Cértegui,Chocó,0,0.0,0,0.0,0,0.0,0,0.0,0,0,0.0,0,0,92.2,0,0.0,0.0,0.0,0.0
493,27205.0,Condoto,Chocó,0,0.0,0,0.0,0,0.0,0,0.0,0,1537,2114.0,2087,4501,99.1,0,0.0,0.0,0.0,0.0
494,27245.0,El Carmen de Atrato,Chocó,826,3307.79,467,2218.38,117,50.04,1410,5576.19,1,1087,1131.0,3772,6287,96.5,6,551.2983333,369.73,8.34,929.365
495,27250.0,El Litoral del San Juan,Chocó,0,0.0,0,0.0,0,0.0,0,0.0,0,0,0.0,0,0,90.9,0,0.0,0.0,0.0,0.0
496,27361.0,Istmina,Chocó,0,0.0,0,0.0,0,0.0,0,0.0,0,0,0.0,0,0,98.9,0,0.0,0.0,0.0,0.0
497,27372.0,Juradó,Chocó,0,0.0,0,0.0,0,0.0,0,0.0,0,2234,2187.0,2660,3751,97.0,0,0.0,0.0,0.0,0.0
498,27413.0,Lloró,Chocó,0,0.0,0,0.0,0,0.0,0,0.0,0,0,0.0,0,0,94.6,0,0.0,0.0,0.0,0.0
499,27425.0,Medio Atrato,Chocó,0,0.0,0,0.0,0,0.0,0,0.0,0,0,0.0,0,0,97.1,0,0.0,0.0,0.0,0.0
500,27430.0,Medio Baudó,Chocó,0,0.0,0,0.0,0,0.0,0,0.0,0,0,0.0,0,0,92.3,0,0.0,0.0,0.0,0.0
501,27450.0,Medio San Juan,Chocó,0,0.0,0,0.0,0,0.0,0,0.0,0,0,0.0,0,0,99.8,0,0.0,0.0,0.0,0.0
502,27491.0,Nóvita,Chocó,0,0.0,0,0.0,0,0.0,0,0.0,0,0,9742.0,11977,12947,91.8,0,0.0,0.0,0.0,0.0
503,27495.0,Nuquí,Chocó,0,0.0,0,0.0,0,0.0,0,0.0,0,0,9598.0,11225,15604,93.1,0,0.0,0.0,0.0,0.0
504,27580.0,Río Iro,Chocó,0,0.0,0,0.0,0,0.0,0,0.0,0,0,0.0,0,0,92.1,0,0.0,0.0,0.0,0.0
505,27600.0,Río Quito,Chocó,0,0.0,0,0.0,0,0.0,0,0.0,0,0,0.0,0,0,99.0,0,0.0,0.0,0.0,0.0
506,27615.0,Riosucio(2),Chocó,0,0.0,0,0.0,0,0.0,0,0.0,0,0,2897.0,4789,6271,95.2,0,0.0,0.0,0.0,0.0
507,27660.0,San José del Palmar,Chocó,0,0.0,0,0.0,0,0.0,0,0.0,0,0,14739.0,32513,41773,91.2,0,0.0,0.0,0.0,0.0
508,27745.0,Sipí,Chocó,0,0.0,0,0.0,0,0.0,0,0.0,0,691,1022.0,1485,3357,90.4,0,0.0,0.0,0.0,0.0
509,27787.0,Tadó,Chocó,0,0.0,0,0.0,0,0.0,0,0.0,0,7947,9896.0,11963,22119,94.4,0,0.0,0.0,0.0,0.0
510,27800.0,Unguía,Chocó,0,0.0,0,0.0,0,0.0,0,0.0,0,0,5625.0,7584,9568,98.1,0,0.0,0.0,0.0,0.0
511,27810.0,Unión Panamericana,Chocó,0,0.0,0,0.0,0,0.0,0,0.0,0,0,0.0,0,0,98.6,0,0.0,0.0,0.0,0.0
512,41013.0,Agrado,Huila,0,0.0,0,0.0,0,0.0,0,0.0,0,7052,8827.0,15145,17253,99.4,0,0.0,0.0,0.0,0.0
513,41016.0,Aipe,Huila,0,0.0,0,0.0,0,0.0,0,0.0,0,4439,5343.0,6587,8849,99.6,0,0.0,0.0,0.0,0.0
514,41020.0,Algeciras,Huila,1009,164.41,665,168.77,79,33.88,1753,367.07,1,0,5370.0,6887,11352,99.4,3,54.80333333,56.25666667,11.29333333,122.3566667
515,41026.0,Altamira,Huila,0,0.0,0,0.0,0,0.0,0,0.0,0,1142,982.0,4347,3572,99.2,0,0.0,0.0,0.0,0.0
516,41132.0,Campoalegre,Huila,570,64.13,299,60.08,89,8.78,958,132.99,1,0,1287.0,2959,6693,99.4,2,32.065,30.04,4.39,66.495
517,41206.0,Colombia,Huila,0,0.0,0,0.0,0,0.0,0,0.0,0,1630,1249.0,2283,3550,99.5,0,0.0,0.0,0.0,0.0
518,41244.0,Elías,Huila,0,0.0,0,0.0,0,0.0,0,0.0,0,0,5684.0,6971,9580,100.0,0,0.0,0.0,0.0,0.0
519,41306.0,Gigante,Huila,2445,2633.17,1415,4289.61,181,43.63,4041,6966.39,1,1195,1092.0,2301,0,99.6,6,438.8616667,714.935,7.271666667,1161.065
520,41319.0,Guadalupe,Huila,985,98.3,718,177.52,47,21.07,1750,296.89,1,0,753.0,1204,2273,99.1,3,32.76666667,59.17333333,7.023333333,98.96333333
521,41349.0,Hobo,Huila,0,0.0,0,0.0,0,0.0,0,0.0,0,0,1207.0,4103,6904,100.0,0,0.0,0.0,0.0,0.0
522,41357.0,Iquira,Huila,0,0.0,0,0.0,0,0.0,0,0.0,0,0,2802.0,3343,3267,100.0,0,0.0,0.0,0.0,0.0
523,41359.0,Isnos,Huila,193,45.25,86,22.84,1,0.53,280,68.62,1,0,0.0,0,0,99.1,1,45.25,22.84,0.53,68.62
524,41378.0,La Argentina,Huila,0,0.0,0,0.0,0,0.0,0,0.0,0,0,2074.0,1955,2664,99.7,0,0.0,0.0,0.0,0.0
525,41483.0,Nátaga,Huila,0,0.0,0,0.0,0,0.0,0,0.0,0,0,0.0,8457,9190,99.7,0,0.0,0.0,0.0,0.0
526,41503.0,Oporapa,Huila,0,0.0,0,0.0,0,0.0,0,0.0,0,0,0.0,14704,18201,99.5,0,0.0,0.0,0.0,0.0
527,41518.0,Paicol,Huila,0,0.0,0,0.0,0,0.0,0,0.0,0,0,3124.0,6427,11611,100.0,0,0.0,0.0,0.0,0.0
528,41530.0,Palestina,Huila,0,0.0,0,0.0,0,0.0,0,0.0,0,0,0.0,0,0,99.2,0,0.0,0.0,0.0,0.0
529,41548.0,Pital,Huila,0,0.0,0,0.0,0,0.0,0,0.0,0,0,0.0,825,929,99.3,0,0.0,0.0,0.0,0.0
530,41615.0,Rivera,Huila,0,0.0,0,0.0,0,0.0,0,0.0,0,0,3618.0,3489,5817,99.6,0,0.0,0.0,0.0,0.0
531,41660.0,Saladoblanco,Huila,0,0.0,0,0.0,0,0.0,0,0.0,0,0,6509.0,5126,11397,99.9,0,0.0,0.0,0.0,0.0
532,41676.0,Santa María,Huila,0,0.0,0,0.0,0,0.0,0,0.0,0,0,7780.0,11071,12938,99.4,0,0.0,0.0,0.0,0.0
533,41770.0,Suaza,Huila,0,0.0,0,0.0,0,0.0,0,0.0,0,0,726.0,3020,4283,99.1,0,0.0,0.0,0.0,0.0
534,41791.0,Tarqui,Huila,472,51.74,162,30.99,6,1.97,640,84.69,1,0,4755.0,4514,7514,99.7,1,51.74,30.99,1.97,84.69
535,41797.0,Tesalia,Huila,1991,13784.94,1556,25437.4,39,38.7,3586,39261.05,1,0,2554.0,4773,7042,99.9,9,1531.66,2826.377778,4.3,4362.338889
536,41799.0,Tello,Huila,564,103.42,662,114.29,59,24.2,1285,241.91,1,0,1662.0,4263,3930,99.3,2,51.71,57.145,12.1,120.955
537,41801.0,Teruel,Huila,213,61.56,88,37.08,22,9.64,323,108.28,1,0,1602.0,4263,9946,99.8,1,61.56,37.08,9.64,108.28
538,41807.0,Timaná,Huila,3721,11903.45,1193,8549.15,40,17.63,4954,20470.23,1,7084,8918.0,18798,28812,100.0,7,1700.492857,1221.307143,2.518571429,2924.318571
539,41872.0,Villavieja,Huila,0,0.0,0,0.0,0,0.0,0,0.0,0,0,1071.0,2186,4067,100.0,0,0.0,0.0,0.0,0.0
540,44035.0,Albania,La Guajira,0,0.0,0,0.0,0,0.0,0,0.0,0,0,0.0,0,0,98.4,0,0.0,0.0,0.0,0.0
541,44078.0,Barrancas,La Guajira,826,302.5,440,300.16,61,40.05,1327,642.71,1,0,3641.0,2856,4483,99.2,3,100.8333333,100.0533333,13.35,214.2366667
542,44090.0,Dibulla,La Guajira,0,0.0,0,0.0,0,0.0,0,0.0,0,0,0.0,0,0,93.4,0,0.0,0.0,0.0,0.0
543,44098.0,Distracción,La Guajira,0,0.0,0,0.0,0,0.0,0,0.0,0,0,5058.0,9764,0,99.6,0,0.0,0.0,0.0,0.0
544,44110.0,El Molino,La Guajira,0,0.0,0,0.0,0,0.0,0,0.0,0,0,0.0,0,0,99.8,0,0.0,0.0,0.0,0.0
545,44279.0,Fonseca,La Guajira,857,231.98,454,220.7,52,18.75,1363,471.43,1,0,1681.0,1703,2382,99.6,3,77.32666667,73.56666667,6.25,157.1433333
546,44378.0,Hatonuevo,La Guajira,0,0.0,0,0.0,0,0.0,0,0.0,0,0,5691.0,8951,7452,99.6,0,0.0,0.0,0.0,0.0
547,44420.0,La Jagua del Pilar,La Guajira,0,0.0,0,0.0,0,0.0,0,0.0,0,0,0.0,0,0,98.7,0,0.0,0.0,0.0,0.0
548,44430.0,Maicao,La Guajira,0,0.0,0,0.0,0,0.0,0,0.0,0,0,0.0,0,0,97.8,0,0.0,0.0,0.0,0.0
549,44560.0,Manaure,La Guajira,0,0.0,0,0.0,0,0.0,0,0.0,0,0,0.0,0,0,96.5,0,0.0,0.0,0.0,0.0
550,44847.0,Uribia,La Guajira,0,0.0,0,0.0,0,0.0,0,0.0,0,0,0.0,0,0,95.5,0,0.0,0.0,0.0,0.0
551,44855.0,Urumita,La Guajira,0,0.0,0,0.0,0,0.0,0,0.0,0,0,0.0,0,0,99.4,0,0.0,0.0,0.0,0.0
552,47030.0,Algarrobo,Magdalena,0,0.0,0,0.0,0,0.0,0,0.0,0,0,0.0,0,0,95.8,0,0.0,0.0,0.0,0.0
553,47053.0,Aracataca,Magdalena,0,0.0,0,0.0,0,0.0,0,0.0,0,0,0.0,0,0,97.5,0,0.0,0.0,0.0,0.0
554,47058.0,Ariguaní,Magdalena,0,0.0,0,0.0,0,0.0,0,0.0,0,0,0.0,0,0,96.2,0,0.0,0.0,0.0,0.0
555,47161.0,Cerro San Antonio,Magdalena,0,0.0,0,0.0,0,0.0,0,0.0,0,2255,2363.0,3729,3974,97.7,0,0.0,0.0,0.0,0.0
556,47170.0,Chivolo,Magdalena,0,0.0,0,0.0,0,0.0,0,0.0,0,5989,0.0,14432,19332,95.5,0,0.0,0.0,0.0,0.0
557,47189.0,Ciénaga,Magdalena,2172,1532.64,1037,2579.68,37,2.52,3246,4114.85,1,0,5322.0,5036,8296,99.7,7,218.9485714,368.5257143,0.36,587.8357143
558,47205.0,Concordia,Magdalena,0,0.0,0,0.0,0,0.0,0,0.0,0,0,5914.0,4880,8427,98.3,0,0.0,0.0,0.0,0.0
559,47258.0,El Piñon,Magdalena,0,0.0,0,0.0,0,0.0,0,0.0,0,8447,8794.0,12264,12371,91.4,0,0.0,0.0,0.0,0.0
560,47268.0,El Retén,Magdalena,0,0.0,0,0.0,0,0.0,0,0.0,0,0,0.0,0,0,95.8,0,0.0,0.0,0.0,0.0
561,47318.0,Guamal,Magdalena,1227,117.07,1299,214.4,59,9.97,2585,341.44,1,3485,4134.0,5854,5649,95.4,3,39.02333333,71.46666667,3.323333333,113.8133333
562,47460.0,Nueva Granada,Magdalena,0,0.0,0,0.0,0,0.0,0,0.0,0,0,0.0,0,0,94.9,0,0.0,0.0,0.0,0.0
563,47541.0,Pedraza,Magdalena,0,0.0,0,0.0,0,0.0,0,0.0,0,6300,0.0,10760,14193,93.6,0,0.0,0.0,0.0,0.0
564,47545.0,Pijiño del Carmen,Magdalena,0,0.0,0,0.0,0,0.0,0,0.0,0,68432,0.0,428963,717430,97.2,0,0.0,0.0,0.0,0.0
565,47551.0,Pivijay,Magdalena,1371,119.84,819,228.5,39,5.0,2229,353.34,1,655,687.0,848,1559,94.9,3,39.94666667,76.16666667,1.666666667,117.78
566,47570.0,Puebloviejo,Magdalena,0,0.0,0,0.0,0,0.0,0,0.0,0,1555,1394.0,2144,2257,95.2,0,0.0,0.0,0.0,0.0
567,47605.0,Remolino,Magdalena,0,0.0,0,0.0,0,0.0,0,0.0,0,220728,431654.0,0,0,93.3,0,0.0,0.0,0.0,0.0
568,47660.0,Sabanas de San Angel,Magdalena,0,0.0,0,0.0,0,0.0,0,0.0,0,0,0.0,0,0,99.3,0,0.0,0.0,0.0,0.0
569,47675.0,Salamina,Magdalena,0,0.0,0,0.0,0,0.0,0,0.0,0,799,848.0,1548,1838,96.1,0,0.0,0.0,0.0,0.0
570,47692.0,San Sebastián de Buenavista,Magdalena,0,0.0,0,0.0,0,0.0,0,0.0,0,17456,0.0,47666,61564,97.6,0,0.0,0.0,0.0,0.0
571,47703.0,San Zenón,Magdalena,0,0.0,0,0.0,0,0.0,0,0.0,0,9349,0.0,46799,79432,96.1,0,0.0,0.0,0.0,0.0
572,47707.0,Santa Ana,Magdalena,493,65.05,382,142.16,1,0.55,876,207.76,1,5802,0.0,12827,12755,97.8,1,65.05,142.16,0.55,207.76
573,47720.0,Santa Bárbara de Pinto,Magdalena,0,0.0,0,0.0,0,0.0,0,0.0,0,0,0.0,0,0,94.3,0,0.0,0.0,0.0,0.0
574,47745.0,Sitionuevo,Magdalena,0,0.0,0,0.0,0,0.0,0,0.0,0,2728,3269.0,6016,8891,91.1,0,0.0,0.0,0.0,0.0
575,47798.0,Tenerife,Magdalena,0,0.0,0,0.0,0,0.0,0,0.0,0,30841,0.0,70874,81001,94.2,0,0.0,0.0,0.0,0.0
576,47960.0,Zapayán,Magdalena,0,0.0,0,0.0,0,0.0,0,0.0,0,0,0.0,0,0,91.1,0,0.0,0.0,0.0,0.0
577,47980.0,Zona Bananera,Magdalena,0,0.0,0,0.0,0,0.0,0,0.0,0,0,2179.0,1784,2855,99.2,0,0.0,0.0,0.0,0.0
578,50006.0,Acacías,Meta,908,1223.72,1480,2141.46,153,314.88,2541,3680.06,1,0,0.0,0,0,99.8,3,407.9066667,713.82,104.96,1226.686667
579,50110.0,Barranca de Upía,Meta,0,0.0,0,0.0,0,0.0,0,0.0,0,0,0.0,0,0,99.8,0,0.0,0.0,0.0,0.0
580,50124.0,Cabuyaro,Meta,0,0.0,0,0.0,0,0.0,0,0.0,0,3487,3156.0,10796,14507,99.6,0,0.0,0.0,0.0,0.0
581,50150.0,Castilla la Nueva,Meta,0,0.0,0,0.0,0,0.0,0,0.0,0,0,0.0,0,0,100.0,0,0.0,0.0,0.0,0.0
582,50223.0,Cubarral,Meta,0,0.0,0,0.0,0,0.0,0,0.0,0,0,0.0,0,0,99.7,0,0.0,0.0,0.0,0.0
583,50226.0,Cumaral,Meta,382,193.72,326,197.83,7,4.39,715,395.94,1,6868,0.0,13821,20517,99.5,1,193.72,197.83,4.39,395.94
584,50245.0,El Calvario,Meta,0,0.0,0,0.0,0,0.0,0,0.0,0,6461,0.0,13308,16686,99.6,0,0.0,0.0,0.0,0.0
585,50251.0,El Castillo,Meta,0,0.0,0,0.0,0,0.0,0,0.0,0,0,0.0,0,0,99.3,0,0.0,0.0,0.0,0.0
586,50270.0,El Dorado,Meta,0,0.0,0,0.0,0,0.0,0,0.0,0,0,0.0,0,0,100.0,0,0.0,0.0,0.0,0.0
587,50287.0,Fuente de Oro,Meta,127,96.6,237,457.46,73,92.7,437,646.76,1,0,0.0,0,0,99.2,1,96.6,457.46,92.7,646.76
588,50313.0,Granada,Meta,984,323.22,2043,625.78,58,47.67,3085,996.66,1,0,0.0,0,0,99.1,4,80.805,156.445,11.9175,249.165
589,50318.0,Guamal,Meta,2836,104654.59,7675,181877.64,248,590.58,10759,287122.8,1,0,0.0,0,0,99.9,7,14950.65571,25982.52,84.36857143,41017.54286
590,50325.0,Mapiripán,Meta,0,0.0,0,0.0,0,0.0,0,0.0,0,0,0.0,0,0,96.6,0,0.0,0.0,0.0,0.0
591,50330.0,Mesetas,Meta,0,0.0,0,0.0,0,0.0,0,0.0,0,0,0.0,0,0,99.5,0,0.0,0.0,0.0,0.0
592,50350.0,La Macarena,Meta,0,0.0,0,0.0,0,0.0,0,0.0,0,0,0.0,0,0,99.7,0,0.0,0.0,0.0,0.0
593,50370.0,Uribe,Meta,0,0.0,0,0.0,0,0.0,0,0.0,0,0,0.0,0,0,99.1,0,0.0,0.0,0.0,0.0
594,50400.0,Lejanías,Meta,0,0.0,0,0.0,0,0.0,0,0.0,0,0,0.0,0,0,99.2,0,0.0,0.0,0.0,0.0
595,50450.0,Puerto Concordia,Meta,0,0.0,0,0.0,0,0.0,0,0.0,0,0,0.0,0,0,99.1,0,0.0,0.0,0.0,0.0
596,50568.0,Puerto Gaitán,Meta,0,0.0,0,0.0,0,0.0,0,0.0,0,0,0.0,0,0,99.1,0,0.0,0.0,0.0,0.0
597,50573.0,Puerto López,Meta,2397,67797.51,1628,53687.49,1,0.58,4026,121485.59,1,0,0.0,0,0,99.7,7,9685.358571,7669.641429,0.082857143,17355.08429
598,50577.0,Puerto Lleras,Meta,0,0.0,0,0.0,0,0.0,0,0.0,0,0,0.0,0,0,99.1,0,0.0,0.0,0.0,0.0
599,50590.0,Puerto Rico,Meta,0,0.0,0,0.0,0,0.0,0,0.0,0,0,0.0,0,0,99.8,0,0.0,0.0,0.0,0.0
600,50606.0,Restrepo,Meta,3624,19001.26,7874,46926.16,86,41.35,11584,65968.77,1,4488,0.0,11976,21309,100.0,7,2714.465714,6703.737143,5.907142857,9424.11
601,50680.0,San Carlos de Guaroa,Meta,0,0.0,0,0.0,0,0.0,0,0.0,0,0,0.0,0,0,100.0,0,0.0,0.0,0.0,0.0
602,50683.0,San Juan de Arama,Meta,0,0.0,0,0.0,0,0.0,0,0.0,0,0,0.0,0,0,99.3,0,0.0,0.0,0.0,0.0
603,50686.0,San Juanito,Meta,0,0.0,0,0.0,0,0.0,0,0.0,0,5764,0.0,11884,19509,99.5,0,0.0,0.0,0.0,0.0
604,50689.0,San Martín,Meta,1699,47932.75,7844,84699.57,65,59.85,9608,132692.16,1,0,0.0,0,0,99.9,7,6847.535714,12099.93857,8.55,18956.02286
605,50711.0,Vistahermosa,Meta,0,0.0,0,0.0,0,0.0,0,0.0,0,0,0.0,0,0,99.6,0,0.0,0.0,0.0,0.0
606,52019.0,Albán,Nariño,0,0.0,0,0.0,0,0.0,0,0.0,0,4138,0.0,14173,19530,99.6,0,0.0,0.0,0.0,0.0
607,52022.0,Aldana,Nariño,0,0.0,0,0.0,0,0.0,0,0.0,0,9134,6488.0,8816,9800,100.0,0,0.0,0.0,0.0,0.0
608,52036.0,Ancuyá,Nariño,0,0.0,0,0.0,0,0.0,0,0.0,0,1525,2067.0,2824,3439,99.9,0,0.0,0.0,0.0,0.0
609,52051.0,Arboleda,Nariño,0,0.0,0,0.0,0,0.0,0,0.0,0,0,0.0,9612,11125,97.4,0,0.0,0.0,0.0,0.0
610,52079.0,Barbacoas,Nariño,0,0.0,0,0.0,0,0.0,0,0.0,0,4257,5377.0,9858,15293,97.3,0,0.0,0.0,0.0,0.0
611,52083.0,Belén,Nariño,0,0.0,0,0.0,0,0.0,0,0.0,0,0,0.0,0,0,99.6,0,0.0,0.0,0.0,0.0
612,52110.0,Buesaco,Nariño,0,0.0,0,0.0,0,0.0,0,0.0,0,2789,3434.0,5121,5679,99.5,0,0.0,0.0,0.0,0.0
613,52203.0,Colón,Nariño,0,0.0,0,0.0,0,0.0,0,0.0,0,0,0.0,0,0,96.0,0,0.0,0.0,0.0,0.0
614,52207.0,Consaca,Nariño,0,0.0,0,0.0,0,0.0,0,0.0,0,3986,5345.0,7880,7640,99.0,0,0.0,0.0,0.0,0.0
615,52210.0,Contadero,Nariño,4395,24907.85,1085,9601.44,96,86.61,5576,34595.9,1,3644,4417.0,7302,8503,99.6,7,3558.264286,1371.634286,12.37285714,4942.271429
616,52215.0,Córdoba,Nariño,0,0.0,0,0.0,0,0.0,0,0.0,0,2267,3060.0,4866,5795,99.7,0,0.0,0.0,0.0,0.0
617,52224.0,Cuaspud,Nariño,0,0.0,0,0.0,0,0.0,0,0.0,0,936,1364.0,2426,3355,100.0,0,0.0,0.0,0.0,0.0
618,52227.0,Cumbal,Nariño,0,0.0,0,0.0,0,0.0,0,0.0,0,1882,1860.0,2400,2984,99.2,0,0.0,0.0,0.0,0.0
619,52233.0,Cumbitara,Nariño,0,0.0,0,0.0,0,0.0,0,0.0,0,0,0.0,0,0,99.2,0,0.0,0.0,0.0,0.0
620,52240.0,Chachagüí,Nariño,0,0.0,0,0.0,0,0.0,0,0.0,0,0,0.0,0,0,99.8,0,0.0,0.0,0.0,0.0
621,52250.0,El Charco,Nariño,0,0.0,0,0.0,0,0.0,0,0.0,0,8542,0.0,19798,27608,91.4,0,0.0,0.0,0.0,0.0
622,52254.0,El Peñol,Nariño,0,0.0,0,0.0,0,0.0,0,0.0,0,24648,0.0,87678,126183,95.4,0,0.0,0.0,0.0,0.0
623,52256.0,El Rosario,Nariño,0,0.0,0,0.0,0,0.0,0,0.0,0,0,0.0,0,0,98.4,0,0.0,0.0,0.0,0.0
624,52258.0,El Tablón de Gómez,Nariño,0,0.0,0,0.0,0,0.0,0,0.0,0,3089,2603.0,4573,5106,99.3,0,0.0,0.0,0.0,0.0
625,52260.0,El Tambo,Nariño,773,41.45,774,68.73,64,9.67,1611,119.85,1,0,0.0,0,0,100.0,2,20.725,34.365,4.835,59.925
626,52287.0,Funes,Nariño,0,0.0,0,0.0,0,0.0,0,0.0,0,3009,4842.0,7632,9041,98.6,0,0.0,0.0,0.0,0.0
627,52317.0,Guachucal,Nariño,0,0.0,0,0.0,0,0.0,0,0.0,0,2416,2629.0,4105,4281,99.5,0,0.0,0.0,0.0,0.0
628,52320.0,Guaitarilla,Nariño,832,77.84,197,14.53,9,2.73,1038,95.1,1,7070,10024.0,15917,24819,99.5,1,77.84,14.53,2.73,95.1
629,52323.0,Gualmatán,Nariño,0,0.0,0,0.0,0,0.0,0,0.0,0,4171,5048.0,7033,8087,99.4,0,0.0,0.0,0.0,0.0
630,52352.0,Iles,Nariño,0,0.0,0,0.0,0,0.0,0,0.0,0,2575,3112.0,4265,4295,99.2,0,0.0,0.0,0.0,0.0
631,52354.0,Imués,Nariño,0,0.0,0,0.0,0,0.0,0,0.0,0,1730,2989.0,6819,12916,99.7,0,0.0,0.0,0.0,0.0
632,52381.0,La Florida,Nariño,0,0.0,0,0.0,0,0.0,0,0.0,0,3114,3143.0,4766,4957,97.6,0,0.0,0.0,0.0,0.0
633,52385.0,La Llanada,Nariño,0,0.0,0,0.0,0,0.0,0,0.0,0,0,0.0,0,0,99.7,0,0.0,0.0,0.0,0.0
634,52390.0,La Tola,Nariño,0,0.0,0,0.0,0,0.0,0,0.0,0,0,0.0,0,0,93.3,0,0.0,0.0,0.0,0.0
635,52405.0,Leiva,Nariño,0,0.0,0,0.0,0,0.0,0,0.0,0,0,0.0,0,0,95.5,0,0.0,0.0,0.0,0.0
636,52411.0,Linares,Nariño,0,0.0,0,0.0,0,0.0,0,0.0,0,8480,7189.0,9032,9270,99.3,0,0.0,0.0,0.0,0.0
637,52418.0,Los Andes,Nariño,0,0.0,0,0.0,0,0.0,0,0.0,0,0,0.0,0,0,99.8,0,0.0,0.0,0.0,0.0
638,52427.0,Magüi,Nariño,0,0.0,0,0.0,0,0.0,0,0.0,0,2463,2730.0,3210,3536,93.7,0,0.0,0.0,0.0,0.0
639,52435.0,Mallama,Nariño,0,0.0,0,0.0,0,0.0,0,0.0,0,12928,21321.0,42968,44771,99.5,0,0.0,0.0,0.0,0.0
640,52473.0,Mosquera,Nariño,0,0.0,0,0.0,0,0.0,0,0.0,0,4489,0.0,5505,6541,97.9,0,0.0,0.0,0.0,0.0
641,52480.0,Nariño,Nariño,0,0.0,0,0.0,0,0.0,0,0.0,0,0,0.0,0,0,99.2,0,0.0,0.0,0.0,0.0
642,52490.0,Olaya Herrera,Nariño,0,0.0,0,0.0,0,0.0,0,0.0,0,5224,0.0,10673,14483,94.0,0,0.0,0.0,0.0,0.0
643,52506.0,Ospina,Nariño,0,0.0,0,0.0,0,0.0,0,0.0,0,2386,2706.0,4239,4841,99.7,0,0.0,0.0,0.0,0.0
644,52520.0,Francisco Pizarro,Nariño,0,0.0,0,0.0,0,0.0,0,0.0,0,16455,0.0,25197,44677,92.6,0,0.0,0.0,0.0,0.0
645,52540.0,Policarpa,Nariño,0,0.0,0,0.0,0,0.0,0,0.0,0,0,0.0,0,0,99.9,0,0.0,0.0,0.0,0.0
646,52560.0,Potosí,Nariño,0,0.0,0,0.0,0,0.0,0,0.0,0,4219,5877.0,8828,10655,99.5,0,0.0,0.0,0.0,0.0
647,52565.0,Providencia,Nariño,0,0.0,0,0.0,0,0.0,0,0.0,0,6906,0.0,15028,17747,99.1,0,0.0,0.0,0.0,0.0
648,52573.0,Puerres,Nariño,0,0.0,0,0.0,0,0.0,0,0.0,0,2615,2763.0,4277,4883,99.6,0,0.0,0.0,0.0,0.0
649,52585.0,Pupiales,Nariño,0,0.0,0,0.0,0,0.0,0,0.0,0,772,827.0,1168,1277,99.3,0,0.0,0.0,0.0,0.0
650,52612.0,Ricaurte,Nariño,0,0.0,0,0.0,0,0.0,0,0.0,0,3685,2665.0,3102,3207,96.9,0,0.0,0.0,0.0,0.0
651,52621.0,Roberto Payán,Nariño,0,0.0,0,0.0,0,0.0,0,0.0,0,2610,1460.0,2150,2709,98.7,0,0.0,0.0,0.0,0.0
652,52685.0,San Bernardo,Nariño,0,0.0,0,0.0,0,0.0,0,0.0,0,10292,0.0,18280,22022,99.3,0,0.0,0.0,0.0,0.0
653,52687.0,San Lorenzo,Nariño,301,19.52,212,25.77,23,4.56,536,49.86,1,5642,6450.0,9726,7308,98.2,1,19.52,25.77,4.56,49.86
654,52693.0,San Pablo,Nariño,0,0.0,0,0.0,0,0.0,0,0.0,0,2783,3808.0,6581,8638,97.6,0,0.0,0.0,0.0,0.0
655,52694.0,San Pedro de Cartago,Nariño,0,0.0,0,0.0,0,0.0,0,0.0,0,8429,0.0,13648,15948,97.4,0,0.0,0.0,0.0,0.0
656,52696.0,Santa Bárbara,Nariño,0,0.0,0,0.0,0,0.0,0,0.0,0,2655,0.0,4491,6317,93.6,0,0.0,0.0,0.0,0.0
657,52699.0,Santacruz,Nariño,0,0.0,0,0.0,0,0.0,0,0.0,0,4583,5273.0,8775,8645,98.8,0,0.0,0.0,0.0,0.0
658,52720.0,Sapuyes,Nariño,0,0.0,0,0.0,0,0.0,0,0.0,0,6552,4467.0,10894,11469,100.0,0,0.0,0.0,0.0,0.0
659,52786.0,Taminango,Nariño,0,0.0,0,0.0,0,0.0,0,0.0,0,4245,2110.0,3016,2912,94.9,0,0.0,0.0,0.0,0.0
660,52788.0,Tangua,Nariño,0,0.0,0,0.0,0,0.0,0,0.0,0,2500,3223.0,4705,4662,99.3,0,0.0,0.0,0.0,0.0
661,52835.0,San Andres de Tumaco,Nariño,4240,28.8,945,28.33,11,0.45,5196,57.59,1,5621,0.0,12809,9341,98.3,5,5.76,5.666,0.09,11.518
662,52885.0,Yacuanquer,Nariño,0,0.0,0,0.0,0,0.0,0,0.0,0,1998,2444.0,3249,4169,99.6,0,0.0,0.0,0.0,0.0
663,54003.0,Abrego,Norte de Santander,0,0.0,0,0.0,0,0.0,0,0.0,0,7033,3.532,5553,4927,92.9,0,0.0,0.0,0.0,0.0
664,54051.0,Arboledas,Norte de Santander,3244,8089.3,596,1468.44,204,27.13,4044,9584.89,1,2587,3306.0,12551,13057,99.3,8,1011.1625,183.555,3.39125,1198.11125
665,54099.0,Bochalema,Norte de Santander,0,0.0,0,0.0,0,0.0,0,0.0,0,3644,4056.0,4501,4543,99.4,0,0.0,0.0,0.0,0.0
666,54109.0,Bucarasica,Norte de Santander,0,0.0,0,0.0,0,0.0,0,0.0,0,0,0.0,0,0,96.0,0,0.0,0.0,0.0,0.0
667,54125.0,Cácota,Norte de Santander,0,0.0,0,0.0,0,0.0,0,0.0,0,1119,2068.0,6062,8881,100.0,0,0.0,0.0,0.0,0.0
668,54174.0,Chitagá,Norte de Santander,462,66.94,81,21.46,10,1.44,553,89.85,1,2119,2412.0,3555,4392,99.4,1,66.94,21.46,1.44,89.85
669,54206.0,Convención,Norte de Santander,3833,16776.93,1742,30653.81,246,60.34,5821,47491.08,1,1026,1506.0,5355,2784,93.3,8,2097.11625,3831.72625,7.5425,5936.385
670,54223.0,Cucutilla,Norte de Santander,0,0.0,0,0.0,0,0.0,0,0.0,0,857,1130.0,2051,2277,97.1,0,0.0,0.0,0.0,0.0
671,54239.0,Durania,Norte de Santander,2494,14036.21,434,1619.56,140,47.07,3068,15702.85,1,3584,2356.0,3862,3548,99.1,6,2339.368333,269.9266667,7.845,2617.141667
672,54245.0,El Carmen,Norte de Santander,0,0.0,0,0.0,0,0.0,0,0.0,0,8722,10105.0,16057,11655,98.3,0,0.0,0.0,0.0,0.0
673,54250.0,El Tarra,Norte de Santander,0,0.0,0,0.0,0,0.0,0,0.0,0,5645,0.0,16480,22502,94.3,0,0.0,0.0,0.0,0.0
674,54261.0,El Zulia,Norte de Santander,0,0.0,0,0.0,0,0.0,0,0.0,0,0,0.0,0,0,99.7,0,0.0,0.0,0.0,0.0
675,54313.0,Gramalote,Norte de Santander,3499,9582.66,1206,5937.71,211,70.34,4916,15590.7,1,7724,0.0,7098,7204,100.0,8,1197.8325,742.21375,8.7925,1948.8375
676,54344.0,Hacarí,Norte de Santander,0,0.0,0,0.0,0,0.0,0,0.0,0,1063,1654.0,4041,3070,90.7,0,0.0,0.0,0.0,0.0
677,54347.0,Herrán,Norte de Santander,0,0.0,0,0.0,0,0.0,0,0.0,0,6549,4950.0,11875,13932,99.1,0,0.0,0.0,0.0,0.0
678,54377.0,Labateca,Norte de Santander,0,0.0,0,0.0,0,0.0,0,0.0,0,2192,4019.0,5880,6784,99.8,0,0.0,0.0,0.0,0.0
679,54385.0,La Esperanza,Norte de Santander,0,0.0,0,0.0,0,0.0,0,0.0,0,0,0.0,0,0,96.3,0,0.0,0.0,0.0,0.0
680,54398.0,La Playa,Norte de Santander,0,0.0,0,0.0,0,0.0,0,0.0,0,6890,0.0,12263,11660,97.1,0,0.0,0.0,0.0,0.0
681,54405.0,Los Patios,Norte de Santander,0,0.0,0,0.0,0,0.0,0,0.0,0,0,0.0,0,0,99.3,0,0.0,0.0,0.0,0.0
682,54418.0,Lourdes,Norte de Santander,0,0.0,0,0.0,0,0.0,0,0.0,0,2626,0.0,10161,11041,99.1,0,0.0,0.0,0.0,0.0
683,54480.0,Mutiscua,Norte de Santander,0,0.0,0,0.0,0,0.0,0,0.0,0,1187,1486.0,2134,2401,99.3,0,0.0,0.0,0.0,0.0
684,54520.0,Pamplonita,Norte de Santander,0,0.0,0,0.0,0,0.0,0,0.0,0,2483,3143.0,4181,6103,99.1,0,0.0,0.0,0.0,0.0
685,54553.0,Puerto Santander,Norte de Santander,0,0.0,0,0.0,0,0.0,0,0.0,0,0,0.0,0,0,99.4,0,0.0,0.0,0.0,0.0
686,54599.0,Ragonvalia,Norte de Santander,0,0.0,0,0.0,0,0.0,0,0.0,0,2985,3422.0,5864,6024,99.6,0,0.0,0.0,0.0,0.0
687,54670.0,San Calixto,Norte de Santander,0,0.0,0,0.0,0,0.0,0,0.0,0,0,0.0,0,0,98.8,0,0.0,0.0,0.0,0.0
688,54673.0,San Cayetano,Norte de Santander,0,0.0,0,0.0,0,0.0,0,0.0,0,2191,3232.0,5238,5057,99.4,0,0.0,0.0,0.0,0.0
689,54680.0,Santiago,Norte de Santander,0,0.0,0,0.0,0,0.0,0,0.0,0,1723,1874.0,3497,4058,99.1,0,0.0,0.0,0.0,0.0
690,54743.0,Silos,Norte de Santander,0,0.0,0,0.0,0,0.0,0,0.0,0,3734,3739.0,6023,6555,99.2,0,0.0,0.0,0.0,0.0
691,54800.0,Teorama,Norte de Santander,0,0.0,0,0.0,0,0.0,0,0.0,0,2475,3206.0,3212,3460,91.7,0,0.0,0.0,0.0,0.0
692,54810.0,Tibú,Norte de Santander,0,0.0,0,0.0,0,0.0,0,0.0,0,0,0.0,0,0,98.9,0,0.0,0.0,0.0,0.0
693,54871.0,Villa Caro,Norte de Santander,0,0.0,0,0.0,0,0.0,0,0.0,0,0,0.0,0,0,95.6,0,0.0,0.0,0.0,0.0
694,54874.0,Villa del Rosario,Norte de Santander,0,0.0,0,0.0,0,0.0,0,0.0,0,0,0.0,0,0,99.6,0,0.0,0.0,0.0,0.0
695,63111.0,Buenavista,Quindio,0,0.0,0,0.0,0,0.0,0,0.0,0,0,0.0,0,0,99.7,0,0.0,0.0,0.0,0.0
696,63190.0,Circasia,Quindio,0,0.0,0,0.0,0,0.0,0,0.0,0,2006,2352.0,3436,4183,99.3,0,0.0,0.0,0.0,0.0
697,63212.0,Córdoba,Quindio,0,0.0,0,0.0,0,0.0,0,0.0,0,0,0.0,0,0,99.7,0,0.0,0.0,0.0,0.0
698,63302.0,Génova,Quindio,456,278.19,207,206.46,24,54.34,687,538.99,1,0,0.0,0,0,99.9,3,92.73,68.82,18.11333333,179.6633333
699,63401.0,La Tebaida,Quindio,0,0.0,0,0.0,0,0.0,0,0.0,0,0,0.0,0,0,99.1,0,0.0,0.0,0.0,0.0
700,63470.0,Montenegro,Quindio,212,20.51,103,16.7,50,13.74,365,50.94,1,6842,9722.0,19406,35843,99.7,1,20.51,16.7,13.74,50.94
701,63594.0,Quimbaya,Quindio,1697,4071.44,599,3015.42,178,51.03,2474,7137.89,1,0,0.0,0,0,99.8,6,678.5733333,502.57,8.505,1189.648333
702,63690.0,Salento,Quindio,0,0.0,0,0.0,0,0.0,0,0.0,0,1754,1522.0,2581,4080,99.5,0,0.0,0.0,0.0,0.0
703,66075.0,Balboa,Risaralda,0,0.0,0,0.0,0,0.0,0,0.0,0,0,0.0,0,0,99.8,0,0.0,0.0,0.0,0.0
704,66088.0,Belén de Umbría,Risaralda,2003,4587.48,923,3226.79,166,38.92,3092,7853.19,1,2600,3217.0,4851,4791,99.3,7,655.3542857,460.97,5.56,1121.884286
705,66170.0,Dosquebradas,Risaralda,0,0.0,0,0.0,0,0.0,0,0.0,0,0,0.0,0,0,99.5,0,0.0,0.0,0.0,0.0
706,66318.0,Guática,Risaralda,0,0.0,0,0.0,0,0.0,0,0.0,0,0,0.0,0,0,99.4,0,0.0,0.0,0.0,0.0
707,66383.0,La Celia,Risaralda,0,0.0,0,0.0,0,0.0,0,0.0,0,0,0.0,0,0,99.8,0,0.0,0.0,0.0,0.0
708,66400.0,La Virginia,Risaralda,189,38.6,83,16.37,3,1.25,275,56.22,1,603,0.0,1349,940,99.8,1,38.6,16.37,1.25,56.22
709,66456.0,Mistrató,Risaralda,0,0.0,0,0.0,0,0.0,0,0.0,0,701,0.0,2026,1580,97.4,0,0.0,0.0,0.0,0.0
710,66572.0,Pueblo Rico,Risaralda,0,0.0,0,0.0,0,0.0,0,0.0,0,3445,2132.0,3265,3483,98.6,0,0.0,0.0,0.0,0.0
711,66594.0,Quinchía,Risaralda,1772,43.42,243,14.71,43,13.42,2058,71.54,1,736,877.0,1315,1484,99.1,4,10.855,3.6775,3.355,17.885
712,68013.0,Aguada,Santander,0,0.0,0,0.0,0,0.0,0,0.0,0,1303,1268.0,1888,2636,95.6,0,0.0,0.0,0.0,0.0
713,68020.0,Albania,Santander,0,0.0,0,0.0,0,0.0,0,0.0,0,0,0.0,0,0,98.5,0,0.0,0.0,0.0,0.0
714,68051.0,Aratoca,Santander,0,0.0,0,0.0,0,0.0,0,0.0,0,0,0.0,0,0,98.7,0,0.0,0.0,0.0,0.0
715,68077.0,Barbosa,Santander,0,0.0,0,0.0,0,0.0,0,0.0,0,1314,1378.0,2389,2330,99.6,0,0.0,0.0,0.0,0.0
716,68079.0,Barichara,Santander,1931,2883.49,451,788.32,143,65.24,2525,3737.03,1,0,0.0,0,0,99.3,6,480.5816667,131.3866667,10.87333333,622.8383333
717,68081.0,Barrancabermeja,Santander,1927,3531.45,1484,20441.63,11,4.0,3422,23977.09,1,0,0.0,0,0,99.2,8,441.43125,2555.20375,0.5,2997.13625
718,68092.0,Betulia,Santander,0,0.0,0,0.0,0,0.0,0,0.0,0,2244,1217.0,3617,4560,99.5,0,0.0,0.0,0.0,0.0
719,68101.0,Bolívar,Santander,667,37.31,346,20.82,9,0.91,1022,59.05,1,1180,1263.0,2310,2795,95.8,1,37.31,20.82,0.91,59.05
720,68121.0,Cabrera,Santander,0,0.0,0,0.0,0,0.0,0,0.0,0,1923,2066.0,2490,3193,99.4,0,0.0,0.0,0.0,0.0
721,68132.0,California,Santander,0,0.0,0,0.0,0,0.0,0,0.0,0,0,0.0,0,0,99.3,0,0.0,0.0,0.0,0.0
722,68147.0,Capitanejo,Santander,0,0.0,0,0.0,0,0.0,0,0.0,0,5445,6463.0,4901,9663,99.3,0,0.0,0.0,0.0,0.0
723,68152.0,Carcasí,Santander,0,0.0,0,0.0,0,0.0,0,0.0,0,895,1018.0,1929,3144,99.4,0,0.0,0.0,0.0,0.0
724,68160.0,Cepitá,Santander,0,0.0,0,0.0,0,0.0,0,0.0,0,3643,4842.0,7892,7548,99.8,0,0.0,0.0,0.0,0.0
725,68162.0,Cerrito,Santander,0,0.0,0,0.0,0,0.0,0,0.0,0,1998,2833.0,4282,5098,99.2,0,0.0,0.0,0.0,0.0
726,68169.0,Charta,Santander,0,0.0,0,0.0,0,0.0,0,0.0,0,0,0.0,0,0,99.9,0,0.0,0.0,0.0,0.0
727,68176.0,Chima,Santander,0,0.0,0,0.0,0,0.0,0,0.0,0,3256,2784.0,4333,4357,98.1,0,0.0,0.0,0.0,0.0
728,68179.0,Chipatá,Santander,0,0.0,0,0.0,0,0.0,0,0.0,0,1353,1465.0,2351,3077,94.8,0,0.0,0.0,0.0,0.0
729,68190.0,Cimitarra,Santander,1304,1178.85,1651,4309.45,132,52.67,3087,5540.97,1,0,0.0,0,0,100.0,6,196.475,718.2416667,8.778333333,923.495
730,68207.0,Concepción,Santander,3175,287.52,608,145.25,105,65.3,3888,498.07,1,2621,3367.0,5214,5650,100.0,3,95.84,48.41666667,21.76666667,166.0233333
731,68209.0,Confines,Santander,0,0.0,0,0.0,0,0.0,0,0.0,0,2152,2472.0,2720,2489,99.9,0,0.0,0.0,0.0,0.0
732,68211.0,Contratación,Santander,0,0.0,0,0.0,0,0.0,0,0.0,0,4806,0.0,8429,7466,99.4,0,0.0,0.0,0.0,0.0
733,68217.0,Coromoro,Santander,0,0.0,0,0.0,0,0.0,0,0.0,0,2713,3375.0,6017,7429,99.6,0,0.0,0.0,0.0,0.0
734,68229.0,Curití,Santander,0,0.0,0,0.0,0,0.0,0,0.0,0,0,4221.0,6591,8221,99.4,0,0.0,0.0,0.0,0.0
735,68235.0,El Carmen de Chucurí,Santander,0,0.0,0,0.0,0,0.0,0,0.0,0,0,0.0,0,0,99.2,0,0.0,0.0,0.0,0.0
736,68245.0,El Guacamayo,Santander,0,0.0,0,0.0,0,0.0,0,0.0,0,0,0.0,0,0,99.4,0,0.0,0.0,0.0,0.0
737,68250.0,El Peñón,Santander,0,0.0,0,0.0,0,0.0,0,0.0,0,0,0.0,0,0,95.1,0,0.0,0.0,0.0,0.0
738,68255.0,El Playón,Santander,0,0.0,0,0.0,0,0.0,0,0.0,0,0,0.0,0,0,99.3,0,0.0,0.0,0.0,0.0
739,68264.0,Encino,Santander,0,0.0,0,0.0,0,0.0,0,0.0,0,2722,4941.0,6274,7406,100.0,0,0.0,0.0,0.0,0.0
740,68266.0,Enciso,Santander,0,0.0,0,0.0,0,0.0,0,0.0,0,2257,372.0,4725,10127,99.4,0,0.0,0.0,0.0,0.0
741,68271.0,Florián,Santander,0,0.0,0,0.0,0,0.0,0,0.0,0,0,0.0,0,0,96.0,0,0.0,0.0,0.0,0.0
742,68276.0,Floridablanca,Santander,0,0.0,0,0.0,0,0.0,0,0.0,0,0,1504.0,2165,2387,99.3,0,0.0,0.0,0.0,0.0
743,68296.0,Galán,Santander,0,0.0,0,0.0,0,0.0,0,0.0,0,6643,11622.0,17526,29564,99.2,0,0.0,0.0,0.0,0.0
744,68298.0,Gambita,Santander,1986,4202.46,1367,6268.38,9,11.18,3362,10482.03,1,0,0.0,0,0,99.2,6,700.41,1044.73,1.863333333,1747.005
745,68307.0,Girón,Santander,0,0.0,0,0.0,0,0.0,0,0.0,0,0,0.0,0,0,99.2,0,0.0,0.0,0.0,0.0
746,68318.0,Guaca,Santander,0,0.0,0,0.0,0,0.0,0,0.0,0,0,0.0,0,0,99.1,0,0.0,0.0,0.0,0.0
747,68320.0,Guadalupe,Santander,0,0.0,0,0.0,0,0.0,0,0.0,0,1869,1.758,2346,2774,99.5,0,0.0,0.0,0.0,0.0
748,68322.0,Guapotá,Santander,0,0.0,0,0.0,0,0.0,0,0.0,0,2300,2271.0,3054,4319,99.7,0,0.0,0.0,0.0,0.0
749,68324.0,Guavatá,Santander,0,0.0,0,0.0,0,0.0,0,0.0,0,905,1462.0,1924,1335,95.5,0,0.0,0.0,0.0,0.0
750,68327.0,Güepsa,Santander,1323,298.89,273,182.77,139,101.94,1735,583.61,1,1791,2037.0,2820,3264,98.0,2,149.445,91.385,50.97,291.805
751,68344.0,Hato,Santander,0,0.0,0,0.0,0,0.0,0,0.0,0,2758,4342.0,11832,17339,98.3,0,0.0,0.0,0.0,0.0
752,68368.0,Jesús María,Santander,0,0.0,0,0.0,0,0.0,0,0.0,0,0,0.0,0,0,98.5,0,0.0,0.0,0.0,0.0
753,68370.0,Jordán,Santander,0,0.0,0,0.0,0,0.0,0,0.0,0,3520,2876.0,3728,5321,94.4,0,0.0,0.0,0.0,0.0
754,68377.0,La Belleza,Santander,0,0.0,0,0.0,0,0.0,0,0.0,0,0,0.0,0,0,99.3,0,0.0,0.0,0.0,0.0
755,68385.0,Landázuri,Santander,0,0.0,0,0.0,0,0.0,0,0.0,0,0,0.0,0,0,97.4,0,0.0,0.0,0.0,0.0
756,68397.0,La Paz,Santander,0,0.0,0,0.0,0,0.0,0,0.0,0,2113,2332.0,3201,5380,95.9,0,0.0,0.0,0.0,0.0
757,68406.0,Lebríja,Santander,576,48.75,228,25.42,18,3.5,822,77.67,1,0,500.0,4578,6529,99.7,1,48.75,25.42,3.5,77.67
758,68418.0,Los Santos,Santander,0,0.0,0,0.0,0,0.0,0,0.0,0,2297,1200.0,3476,5217,99.9,0,0.0,0.0,0.0,0.0
759,68425.0,Macaravita,Santander,0,0.0,0,0.0,0,0.0,0,0.0,0,6016,7303.0,13476,17798,98.4,0,0.0,0.0,0.0,0.0
760,68464.0,Mogotes,Santander,0,0.0,0,0.0,0,0.0,0,0.0,0,0,3193.0,5987,7798,99.4,0,0.0,0.0,0.0,0.0
761,68468.0,Molagavita,Santander,0,0.0,0,0.0,0,0.0,0,0.0,0,1023,1337.0,1712,2012,99.4,0,0.0,0.0,0.0,0.0
762,68498.0,Ocamonte,Santander,0,0.0,0,0.0,0,0.0,0,0.0,0,1142,1517.0,1711,2748,99.1,0,0.0,0.0,0.0,0.0
763,68500.0,Oiba,Santander,647,96.9,258,125.93,52,27.86,957,250.7,1,3072,5726.0,9954,14839,99.3,2,48.45,62.965,13.93,125.35
764,68502.0,Onzaga,Santander,3630,12270.0,738,1771.87,13,5.95,4381,14047.83,1,2178,3037.0,3826,5029,99.5,7,1752.857143,253.1242857,0.85,2006.832857
765,68522.0,Palmar,Santander,0,0.0,0,0.0,0,0.0,0,0.0,0,0,22522.0,54608,87400,99.6,0,0.0,0.0,0.0,0.0
766,68524.0,Palmas del Socorro,Santander,0,0.0,0,0.0,0,0.0,0,0.0,0,1003,1045.0,1505,1903,99.9,0,0.0,0.0,0.0,0.0
767,68533.0,Páramo,Santander,0,0.0,0,0.0,0,0.0,0,0.0,0,3333,4906.0,8568,11133,99.2,0,0.0,0.0,0.0,0.0
768,68547.0,Piedecuesta,Santander,5077,6291.04,1025,4522.8,91,20.24,6193,10834.08,1,0,0.0,0,0,99.2,8,786.38,565.35,2.53,1354.26
769,68549.0,Pinchote,Santander,0,0.0,0,0.0,0,0.0,0,0.0,0,1200,1746.0,3568,4169,99.7,0,0.0,0.0,0.0,0.0
770,68573.0,Puerto Parra,Santander,0,0.0,0,0.0,0,0.0,0,0.0,0,0,0.0,0,0,99.9,0,0.0,0.0,0.0,0.0
771,68575.0,Puerto Wilches,Santander,2264,2512.84,1301,5711.43,10,3.6,3575,8227.88,1,0,0.0,0,0,99.8,6,418.8066667,951.905,0.6,1371.313333
772,68655.0,Sabana de Torres,Santander,298,65.52,81,31.25,10,4.49,389,101.25,1,0,0.0,0,0,99.1,1,65.52,31.25,4.49,101.25
773,68673.0,San Benito,Santander,0,0.0,0,0.0,0,0.0,0,0.0,0,3140,2539.0,3944,7343,98.1,0,0.0,0.0,0.0,0.0
774,68682.0,San Joaquín,Santander,0,0.0,0,0.0,0,0.0,0,0.0,0,1237,1353.0,2112,2457,99.4,0,0.0,0.0,0.0,0.0
775,68684.0,San José de Miranda,Santander,0,0.0,0,0.0,0,0.0,0,0.0,0,4084,1772.0,12476,0,100.0,0,0.0,0.0,0.0,0.0
776,68686.0,San Miguel,Santander,0,0.0,0,0.0,0,0.0,0,0.0,0,5420,4460.0,19663,25684,98.9,0,0.0,0.0,0.0,0.0
777,68705.0,Santa Bárbara,Santander,0,0.0,0,0.0,0,0.0,0,0.0,0,0,0.0,0,0,99.1,0,0.0,0.0,0.0,0.0
778,68720.0,Santa Helena del Opón,Santander,0,0.0,0,0.0,0,0.0,0,0.0,0,0,0.0,0,0,99.4,0,0.0,0.0,0.0,0.0
779,68745.0,Simacota,Santander,0,0.0,0,0.0,0,0.0,0,0.0,0,1312,1687.0,0,0,98.9,0,0.0,0.0,0.0,0.0
780,68770.0,Suaita,Santander,4685,11029.81,1373,5951.27,112,43.95,6170,17025.02,1,2159,3955.0,8745,0,99.2,7,1575.687143,850.1814286,6.278571429,2432.145714
781,68773.0,Sucre,Santander,2617,3373.5,2825,3547.39,15,2.6,5457,6923.48,1,3312,3446.0,12498,0,100.0,6,562.25,591.2316667,0.433333333,1153.913333
782,68820.0,Tona,Santander,795,133.08,288,81.36,27,21.8,1110,236.23,1,6666,0.0,13265,18242,99.7,1,133.08,81.36,21.8,236.23
783,68855.0,Valle de San José,Santander,0,0.0,0,0.0,0,0.0,0,0.0,0,0,0.0,10125,0,99.5,0,0.0,0.0,0.0,0.0
784,68867.0,Vetas,Santander,0,0.0,0,0.0,0,0.0,0,0.0,0,0,0.0,0,0,99.9,0,0.0,0.0,0.0,0.0
785,68872.0,Villanueva,Santander,0,0.0,0,0.0,0,0.0,0,0.0,0,0,0.0,0,0,99.3,0,0.0,0.0,0.0,0.0
786,68895.0,Zapatoca,Santander,1951,5290.7,1099,10012.12,176,56.5,3226,15359.33,1,3208,0.0,0,0,100.0,8,661.3375,1251.515,7.0625,1919.91625
787,70110.0,Buenavista,Sucre,0,0.0,0,0.0,0,0.0,0,0.0,0,0,0.0,0,0,96.6,0,0.0,0.0,0.0,0.0
788,70124.0,Caimito,Sucre,0,0.0,0,0.0,0,0.0,0,0.0,0,0,0.0,0,0,91.1,0,0.0,0.0,0.0,0.0
789,70204.0,Coloso,Sucre,0,0.0,0,0.0,0,0.0,0,0.0,0,0,0.0,0,0,92.9,0,0.0,0.0,0.0,0.0
790,70221.0,Coveñas,Sucre,0,0.0,0,0.0,0,0.0,0,0.0,0,0,0.0,0,0,99.9,0,0.0,0.0,0.0,0.0
791,70230.0,Chalán,Sucre,0,0.0,0,0.0,0,0.0,0,0.0,0,0,0.0,0,0,98.9,0,0.0,0.0,0.0,0.0
792,70233.0,El Roble,Sucre,0,0.0,0,0.0,0,0.0,0,0.0,0,0,0.0,0,0,97.7,0,0.0,0.0,0.0,0.0
793,70235.0,Galeras,Sucre,0,0.0,0,0.0,0,0.0,0,0.0,0,0,0.0,0,0,96.5,0,0.0,0.0,0.0,0.0
794,70265.0,Guaranda,Sucre,0,0.0,0,0.0,0,0.0,0,0.0,0,0,0.0,0,0,94.6,0,0.0,0.0,0.0,0.0
795,70400.0,La Unión,Sucre,0,0.0,0,0.0,0,0.0,0,0.0,0,0,0.0,0,0,93.0,0,0.0,0.0,0.0,0.0
796,70418.0,Los Palmitos,Sucre,0,0.0,0,0.0,0,0.0,0,0.0,0,0,0.0,0,0,95.5,0,0.0,0.0,0.0,0.0
797,70429.0,Majagual,Sucre,1003,125.43,460,142.03,0,0.0,1463,267.45,1,0,0.0,0,0,95.0,3,41.81,47.34333333,0.0,89.15
798,70473.0,Morroa,Sucre,0,0.0,0,0.0,0,0.0,0,0.0,0,2622,3076.0,6202,8291,98.7,0,0.0,0.0,0.0,0.0
799,70508.0,Ovejas,Sucre,1036,1884.53,1200,9743.23,114,38.55,2350,11666.71,1,1959,1420.0,2729,0,91.5,7,269.2185714,1391.89,5.507142857,1666.672857
800,70523.0,Palmito,Sucre,0,0.0,0,0.0,0,0.0,0,0.0,0,1886,0.0,3803,4796,91.1,0,0.0,0.0,0.0,0.0
801,70670.0,Sampués,Sucre,0,0.0,0,0.0,0,0.0,0,0.0,0,1635,0.0,4195,0,94.4,0,0.0,0.0,0.0,0.0
802,70678.0,San Benito Abad,Sucre,0,0.0,0,0.0,0,0.0,0,0.0,0,2508,4395.0,9765,14192,98.9,0,0.0,0.0,0.0,0.0
803,70702.0,San Juan de Betulia,Sucre,0,0.0,0,0.0,0,0.0,0,0.0,0,0,0.0,0,0,95.1,0,0.0,0.0,0.0,0.0
804,70717.0,San Pedro,Sucre,258,23.8,156,104.12,10,2.44,424,130.37,1,0,0.0,0,0,97.4,1,23.8,104.12,2.44,130.37
805,70742.0,San Luis de Sincé,Sucre,2711,5918.22,3282,23656.07,274,63.65,6267,29637.94,1,0,0.0,0,0,97.1,7,845.46,3379.438571,9.092857143,4233.991429
806,70771.0,Sucre,Sucre,1212,1528.99,1698,10675.69,4,2.42,2914,12207.07,1,2661,2080.0,3388,0,91.3,7,218.4271429,1525.098571,0.345714286,1743.867143
807,70820.0,Santiago de Tolú,Sucre,0,0.0,0,0.0,0,0.0,0,0.0,0,4476,0.0,5688,0,99.3,0,0.0,0.0,0.0,0.0
808,70823.0,Tolú Viejo,Sucre,0,0.0,0,0.0,0,0.0,0,0.0,0,2470,0.0,3279,0,97.0,0,0.0,0.0,0.0,0.0
809,73024.0,Alpujarra,Tolima,541,119.92,264,106.27,5,5.68,810,231.88,1,5201,4942.0,0,0,99.5,3,39.97333333,35.42333333,1.893333333,77.29333333
810,73026.0,Alvarado,Tolima,0,0.0,0,0.0,0,0.0,0,0.0,0,1776,1660.0,2522,3227,98.2,0,0.0,0.0,0.0,0.0
811,73030.0,Ambalema,Tolima,105,1171.55,59,1659.15,0,0.0,164,2830.7,0,2949,3404.0,0,0,99.2,2,585.775,829.575,0.0,1415.35
812,73043.0,Anzoátegui,Tolima,1182,4334.74,841,2928.43,31,12.2,2054,7275.35,1,1945,2691.0,5673,7810,99.8,7,619.2485714,418.3471429,1.742857143,1039.335714
813,73067.0,Ataco,Tolima,1128,7728.57,1105,2258.46,9,3.14,2242,9990.16,1,0,0.0,0,0,98.8,8,966.07125,282.3075,0.3925,1248.77
814,73124.0,Cajamarca,Tolima,2745,11457.11,1581,19585.08,206,48.81,4532,31090.97,1,19765,28311.0,67775,92613,99.9,9,1273.012222,2176.12,5.423333333,3454.552222
815,73148.0,Carmen de Apicalá,Tolima,0,0.0,0,0.0,0,0.0,0,0.0,0,4351,3329.0,5214,5912,99.9,0,0.0,0.0,0.0,0.0
816,73152.0,Casabianca,Tolima,1050,99.61,396,39.89,43,17.94,1489,157.42,1,1241,2865.0,6483,0,99.1,4,24.9025,9.9725,4.485,39.355
817,73200.0,Coello,Tolima,0,0.0,0,0.0,0,0.0,0,0.0,0,0,0.0,0,0,96.4,0,0.0,0.0,0.0,0.0
818,73217.0,Coyaima,Tolima,0,0.0,0,0.0,0,0.0,0,0.0,0,0,0.0,0,0,95.6,0,0.0,0.0,0.0,0.0
819,73226.0,Cunday,Tolima,1870,7726.53,1688,5506.25,183,45.04,3741,13277.8,1,0,0.0,0,0,99.3,7,1103.79,786.6071429,6.434285714,1896.828571
820,73236.0,Dolores,Tolima,1891,7685.63,1085,6732.72,26,5.0,3002,14423.35,1,1805,2344.0,7225,5499,99.7,9,853.9588889,748.08,0.555555556,1602.594444
821,73270.0,Falan,Tolima,718,26.08,292,18.23,96,14.78,1106,59.11,1,4342,8861.0,36950,0,99.0,4,6.52,4.5575,3.695,14.7775
822,73275.0,Flandes,Tolima,0,0.0,0,0.0,0,0.0,0,0.0,0,2232,3645.0,0,0,99.5,0,0.0,0.0,0.0,0.0
823,73408.0,Lérida,Tolima,104,47.78,66,30.39,8,6.46,178,84.64,1,0,0.0,0,0,99.6,1,47.78,30.39,6.46,84.64
824,73443.0,Mariquita,Tolima,1051,2377.14,477,3649.34,66,16.81,1594,6043.3,1,6552,16047.0,39664,82988,99.9,6,396.19,608.2233333,2.801666667,1007.216667
825,73449.0,Melgar,Tolima,2302,62267.81,1252,46702.98,66,74.49,3620,109045.26,1,3433,0.0,4277,0,99.4,9,6918.645556,5189.22,8.276666667,12116.14
826,73461.0,Murillo,Tolima,0,0.0,0,0.0,0,0.0,0,0.0,0,0,0.0,0,0,99.4,0,0.0,0.0,0.0,0.0
827,73483.0,Natagaima,Tolima,1503,153.49,892,164.07,62,16.47,2457,334.02,1,1364,0.0,2331,0,100.0,4,38.3725,41.0175,4.1175,83.505
828,73520.0,Palocabildo,Tolima,0,0.0,0,0.0,0,0.0,0,0.0,0,3052,0.0,3779,0,100.0,0,0.0,0.0,0.0,0.0
829,73547.0,Piedras,Tolima,0,0.0,0,0.0,0,0.0,0,0.0,0,3071,4009.0,6633,0,99.7,0,0.0,0.0,0.0,0.0
830,73555.0,Planadas,Tolima,356,68.26,765,108.87,50,24.25,1171,201.37,1,0,0.0,0,0,99.2,1,68.26,108.87,24.25,201.37
831,73563.0,Prado,Tolima,0,0.0,0,0.0,0,0.0,0,0.0,0,1783,2088.0,3627,0,99.3,0,0.0,0.0,0.0,0.0
832,73616.0,Rioblanco,Tolima,0,0.0,0,0.0,0,0.0,0,0.0,0,0,0.0,0,0,99.1,0,0.0,0.0,0.0,0.0
833,73622.0,Roncesvalles,Tolima,695,25771.34,1334,61086.63,33,107.02,2062,86964.98,1,0,0.0,0,0,99.9,8,3221.4175,7635.82875,13.3775,10870.6225
834,73624.0,Rovira,Tolima,4532,11693.55,4228,7625.75,181,51.69,8941,19371.0,1,2059,2231.0,2619,0,100.0,7,1670.507143,1089.392857,7.384285714,2767.285714
835,73671.0,Saldaña,Tolima,0,0.0,0,0.0,0,0.0,0,0.0,0,0,0.0,0,0,99.6,0,0.0,0.0,0.0,0.0
836,73770.0,Suárez,Tolima,0,0.0,0,0.0,0,0.0,0,0.0,0,3165,3908.0,6337,0,97.5,0,0.0,0.0,0.0,0.0
837,73854.0,Valle de San Juan,Tolima,0,0.0,0,0.0,0,0.0,0,0.0,0,2984,4155.0,4735,0,95.6,0,0.0,0.0,0.0,0.0
838,73861.0,Venadillo,Tolima,1072,2108.73,742,2875.72,31,9.61,1845,4994.06,1,1733,1693.0,2713,0,99.1,6,351.455,479.2866667,1.601666667,832.3433333
839,73873.0,Villarrica,Tolima,1940,12984.06,1861,5893.6,313,126.5,4114,19004.14,1,0,0.0,0,0,99.2,6,2164.01,982.2666667,21.08333333,3167.356667
840,76020.0,Alcalá,Valle del Cauca,1151,21135.99,224,4131.33,9,14.55,1384,25281.87,0,0,0.0,0,0,99.2,5,4227.198,826.266,2.91,5056.374
841,76036.0,Andalucía,Valle del Cauca,0,0.0,0,0.0,0,0.0,0,0.0,0,1902,2009.0,2412,0,99.4,0,0.0,0.0,0.0,0.0
842,76041.0,Ansermanuevo,Valle del Cauca,0,0.0,0,0.0,0,0.0,0,0.0,0,0,0.0,0,0,99.6,0,0.0,0.0,0.0,0.0
843,76054.0,Argelia,Valle del Cauca,0,0.0,0,0.0,0,0.0,0,0.0,0,0,0.0,0,0,97.2,0,0.0,0.0,0.0,0.0
844,76100.0,Bolívar,Valle del Cauca,530,25.04,309,32.43,78,11.6,917,69.08,1,1418,1803.0,2607,0,99.1,2,12.52,16.215,5.8,34.54
845,76109.0,Buenaventura,Valle del Cauca,174,3.15,71,2.83,3,0.14,248,6.13,1,1738,1904.0,3078,0,99.1,4,0.7875,0.7075,0.035,1.5325
846,76111.0,Guadalajara de Buga,Valle del Cauca,0,0.0,0,0.0,0,0.0,0,0.0,0,11702,13522.0,22003,0,100.0,0,0.0,0.0,0.0,0.0
847,76126.0,Calima,Valle del Cauca,0,0.0,0,0.0,0,0.0,0,0.0,0,0,0.0,0,0,99.8,0,0.0,0.0,0.0,0.0
848,76130.0,Candelaria,Valle del Cauca,0,0.0,0,0.0,0,0.0,0,0.0,0,5886,4894.0,7927,0,99.5,0,0.0,0.0,0.0,0.0
849,76233.0,Dagua,Valle del Cauca,1987,1034.56,1139,1236.47,178,33.9,3304,2304.93,1,5258,5018.0,7140,0,99.4,6,172.4266667,206.0783333,5.65,384.155
850,76250.0,El Dovio,Valle del Cauca,0,0.0,0,0.0,0,0.0,0,0.0,0,0,0.0,0,0,97.6,0,0.0,0.0,0.0,0.0
851,76275.0,Florida,Valle del Cauca,0,0.0,0,0.0,0,0.0,0,0.0,0,4488,5650.0,7588,0,99.7,0,0.0,0.0,0.0,0.0
852,76306.0,Ginebra,Valle del Cauca,0,0.0,0,0.0,0,0.0,0,0.0,0,0,0.0,0,0,99.4,0,0.0,0.0,0.0,0.0
853,76318.0,Guacarí,Valle del Cauca,0,0.0,0,0.0,0,0.0,0,0.0,0,0,0.0,0,0,99.7,0,0.0,0.0,0.0,0.0
854,76364.0,Jamundí,Valle del Cauca,0,0.0,0,0.0,0,0.0,0,0.0,0,702,767.0,1119,0,99.3,0,0.0,0.0,0.0,0.0
855,76377.0,La Cumbre,Valle del Cauca,0,0.0,0,0.0,0,0.0,0,0.0,0,1687,2124.0,2728,0,99.8,0,0.0,0.0,0.0,0.0
856,76400.0,La Unión,Valle del Cauca,0,0.0,0,0.0,0,0.0,0,0.0,0,537,984.0,2573,0,99.9,0,0.0,0.0,0.0,0.0
857,76403.0,La Victoria,Valle del Cauca,0,0.0,0,0.0,0,0.0,0,0.0,0,0,0.0,0,0,99.7,0,0.0,0.0,0.0,0.0
858,76497.0,Obando,Valle del Cauca,0,0.0,0,0.0,0,0.0,0,0.0,0,0,0.0,0,0,99.9,0,0.0,0.0,0.0,0.0
859,76563.0,Pradera,Valle del Cauca,0,0.0,0,0.0,0,0.0,0,0.0,0,27806,0.0,69833,0,99.8,0,0.0,0.0,0.0,0.0
860,76606.0,Restrepo,Valle del Cauca,2275,34073.15,931,36457.71,122,163.15,3328,70694.01,1,0,0.0,0,0,99.6,7,4867.592857,5208.244286,23.30714286,10099.14429
861,76616.0,Riofrío,Valle del Cauca,0,0.0,0,0.0,0,0.0,0,0.0,0,0,0.0,0,0,99.7,0,0.0,0.0,0.0,0.0
862,76670.0,San Pedro,Valle del Cauca,0,0.0,0,0.0,0,0.0,0,0.0,0,3261,3787.0,4584,0,99.6,0,0.0,0.0,0.0,0.0
863,76823.0,Toro,Valle del Cauca,0,0.0,0,0.0,0,0.0,0,0.0,0,0,0.0,0,0,99.3,0,0.0,0.0,0.0,0.0
864,76845.0,Ulloa,Valle del Cauca,0,0.0,0,0.0,0,0.0,0,0.0,0,0,0.0,0,0,99.3,0,0.0,0.0,0.0,0.0
865,76863.0,Versalles,Valle del Cauca,4308,19666.67,1963,17681.13,213,96.94,6484,37444.73,1,1008,1157.0,2140,0,99.7,7,2809.524286,2525.875714,13.84857143,5349.247143
866,76869.0,Vijes,Valle del Cauca,0,0.0,0,0.0,0,0.0,0,0.0,0,0,0.0,0,0,99.1,0,0.0,0.0,0.0,0.0
867,76890.0,Yotoco,Valle del Cauca,0,0.0,0,0.0,0,0.0,0,0.0,0,0,0.0,0,0,99.2,0,0.0,0.0,0.0,0.0
868,76892.0,Yumbo,Valle del Cauca,0,0.0,0,0.0,0,0.0,0,0.0,0,5213,5746.0,6859,0,99.5,0,0.0,0.0,0.0,0.0
869,76895.0,Zarzal,Valle del Cauca,850,1046.69,878,3097.89,142,18.85,1870,4163.42,1,995,741.0,1337,0,99.8,6,174.4483333,516.315,3.141666667,693.9033333
870,81065.0,Arauquita,Arauca,0,0.0,0,0.0,0,0.0,0,0.0,0,2714,320.0,6897,0,99.5,0,0.0,0.0,0.0,0.0
871,81220.0,Cravo Norte,Arauca,0,0.0,0,0.0,0,0.0,0,0.0,0,5084,4488.0,13499,0,99.3,0,0.0,0.0,0.0,0.0
872,81300.0,Fortul,Arauca,0,0.0,0,0.0,0,0.0,0,0.0,0,0,0.0,0,0,99.7,0,0.0,0.0,0.0,0.0
873,81591.0,Puerto Rondón,Arauca,9,12.36,143,97.62,0,0.0,152,109.98,1,0,0.0,0,0,99.2,1,12.36,97.62,0.0,109.98
874,81736.0,Saravena,Arauca,0,0.0,0,0.0,0,0.0,0,0.0,0,0,0.0,0,0,99.1,0,0.0,0.0,0.0,0.0
875,81794.0,Tame,Arauca,959,1059.58,5622,7159.21,12,0.45,6593,8219.25,1,0,0.0,0,0,99.4,8,132.4475,894.90125,0.05625,1027.40625
876,85010.0,Aguazul,Casanare,0,0.0,0,0.0,0,0.0,0,0.0,0,0,0.0,0,0,99.1,0,0.0,0.0,0.0,0.0
877,85015.0,Chameza,Casanare,0,0.0,0,0.0,0,0.0,0,0.0,0,0,0.0,0,0,99.9,0,0.0,0.0,0.0,0.0
878,85125.0,Hato Corozal,Casanare,0,0.0,0,0.0,0,0.0,0,0.0,0,0,0.0,0,0,99.8,0,0.0,0.0,0.0,0.0
879,85136.0,La Salina,Casanare,0,0.0,0,0.0,0,0.0,0,0.0,0,1730,1954.0,2644,0,99.4,0,0.0,0.0,0.0,0.0
880,85139.0,Maní,Casanare,0,0.0,0,0.0,0,0.0,0,0.0,0,1845,1986.0,3389,0,99.3,0,0.0,0.0,0.0,0.0
881,85162.0,Monterrey,Casanare,196,0.0,404,0.0,1,0.0,601,0.0,1,0,0.0,0,0,99.4,1,0.0,0.0,0.0,0.0
882,85225.0,Nunchía,Casanare,98,16.52,80,7.79,0,0.0,178,24.31,1,4768,5155.0,7119,0,99.9,1,16.52,7.79,0.0,24.31
883,85230.0,Orocué,Casanare,305,924.44,915,5101.45,0,0.0,1220,6025.87,1,2249,2426.0,3525,0,99.8,6,154.0733333,850.2416667,0.0,1004.311667
884,85250.0,Paz de Ariporo,Casanare,122,49.41,211,141.81,0,0.0,333,191.23,1,2309,2825.0,4276,0,99.7,1,49.41,141.81,0.0,191.23
885,85263.0,Pore,Casanare,0,0.0,0,0.0,0,0.0,0,0.0,0,11342,131132.0,25658,0,99.2,0,0.0,0.0,0.0,0.0
886,85279.0,Recetor,Casanare,0,0.0,0,0.0,0,0.0,0,0.0,0,0,0.0,0,0,99.3,0,0.0,0.0,0.0,0.0
887,85300.0,Sabanalarga,Casanare,0,0.0,0,0.0,0,0.0,0,0.0,0,0,0.0,0,0,99.6,0,0.0,0.0,0.0,0.0
888,85315.0,Sácama,Casanare,0,0.0,0,0.0,0,0.0,0,0.0,0,8814,9413.0,12856,0,99.6,0,0.0,0.0,0.0,0.0
889,85325.0,San Luis de Palenque,Casanare,556,0.0,3382,0.0,0,0.0,3938,0.0,1,0,0.0,0,0,99.7,8,0.0,0.0,0.0,0.0
890,85400.0,Támara,Casanare,2052,21509.7,1897,45592.76,0,0.0,3949,67102.47,1,2027,2147.0,2687,0,99.2,8,2688.7125,5699.095,0.0,8387.80875
891,85410.0,Tauramena,Casanare,0,0.0,0,0.0,0,0.0,0,0.0,0,0,0.0,0,0,99.1,0,0.0,0.0,0.0,0.0
892,85430.0,Trinidad,Casanare,0,0.0,0,0.0,0,0.0,0,0.0,0,0,0.0,0,0,100.0,0,0.0,0.0,0.0,0.0
893,85440.0,Villanueva,Casanare,0,0.0,0,0.0,0,0.0,0,0.0,0,0,0.0,0,0,99.1,0,0.0,0.0,0.0,0.0
894,86219.0,Colón,Putumayo,0,0.0,0,0.0,0,0.0,0,0.0,0,0,0.0,0,0,99.3,0,0.0,0.0,0.0,0.0
895,86320.0,Orito,Putumayo,0,0.0,0,0.0,0,0.0,0,0.0,0,0,0.0,0,0,99.2,0,0.0,0.0,0.0,0.0
896,86568.0,Puerto Asís,Putumayo,96,154.76,176,531.22,2,5.61,274,691.59,1,2597,0.0,0,0,99.1,1,154.76,531.22,5.61,691.59
897,86569.0,Puerto Caicedo,Putumayo,0,0.0,0,0.0,0,0.0,0,0.0,0,0,0.0,0,0,99.7,0,0.0,0.0,0.0,0.0
898,86571.0,Puerto Guzmán,Putumayo,0,0.0,0,0.0,0,0.0,0,0.0,0,0,0.0,0,0,99.6,0,0.0,0.0,0.0,0.0
899,86573.0, Puerto Leguízamo,Putumayo,0,0.0,0,0.0,0,0.0,0,0.0,0,0,0.0,0,0,99.6,0,0.0,0.0,0.0,0.0
900,86749.0,Sibundoy,Putumayo,0,0.0,0,0.0,0,0.0,0,0.0,0,0,0.0,0,10150,99.1,0,0.0,0.0,0.0,0.0
901,86755.0,San Francisco,Putumayo,0,0.0,0,0.0,0,0.0,0,0.0,0,0,0.0,0,0,99.5,0,0.0,0.0,0.0,0.0
902,86757.0,San Miguel,Putumayo,0,0.0,0,0.0,0,0.0,0,0.0,0,0,0.0,0,1990,99.4,0,0.0,0.0,0.0,0.0
903,86760.0,Santiago,Putumayo,0,0.0,0,0.0,0,0.0,0,0.0,0,0,0.0,0,0,100.0,0,0.0,0.0,0.0,0.0
904,86865.0,Valle del Guamuez,Putumayo,0,0.0,0,0.0,0,0.0,0,0.0,0,0,0.0,0,0,99.3,0,0.0,0.0,0.0,0.0
905,86885.0,Villagarzón,Putumayo,0,0.0,0,0.0,0,0.0,0,0.0,0,0,0.0,0,0,99.8,0,0.0,0.0,0.0,0.0
906,88564.0,Providencia,Archipiélago de San Andrés,0,0.0,0,0.0,0,0.0,0,0.0,0,0,0.0,0,3641,99.8,0,0.0,0.0,0.0,0.0
907,91540.0,Puerto Nariño,Amazonas,0,0.0,0,0.0,0,0.0,0,0.0,0,0,0.0,0,0,99.9,0,0.0,0.0,0.0,0.0
908,95015.0,Calamar,Guaviare,0,0.0,0,0.0,0,0.0,0,0.0,0,5358,0.0,0,1299,99.9,0,0.0,0.0,0.0,0.0
909,95025.0,El Retorno,Guaviare,0,0.0,0,0.0,0,0.0,0,0.0,0,0,0.0,0,0,99.8,0,0.0,0.0,0.0,0.0
910,95200.0,Miraflores,Guaviare,0,0.0,0,0.0,0,0.0,0,0.0,0,0,0.0,0,0,99.8,0,0.0,0.0,0.0,0.0
911,97161.0,Caruru,Vaupés,0,0.0,0,0.0,0,0.0,0,0.0,0,0,0.0,0,0,100.0,0,0.0,0.0,0.0,0.0
912,97666.0,Taraira,Vaupés,0,0.0,0,0.0,0,0.0,0,0.0,0,0,0.0,0,0,94.9,0,0.0,0.0,0.0,0.0
913,99524.0,La Primavera,Vichada,0,0.0,0,0.0,0,0.0,0,0.0,0,0,0.0,0,0,99.2,0,0.0,0.0,0.0,0.0
914,99624.0,Santa Rosalía,Vichada,0,0.0,0,0.0,0,0.0,0,0.0,0,0,0.0,0,0,99.2,0,0.0,0.0,0.0,0.0
915,99773.0,Cumaribo,Vichada,0,0.0,0,0.0,0,0.0,0,0.0,0,0,0.0,0,0,96.4,0,0.0,0.0,0.0,0.0
